{
  "id": "SMP",
  "time": "2025-06-17T07:41:26+05:45",
  "releaseTime": "2024-08-08T12:24:45+05:45",
  "type": "modified",
  "mainClass": "cpw.mods.bootstraplauncher.BootstrapLauncher",
  "minimumLauncherVersion": 21,
  "arguments": {
    "jvm": [
      {
        "values": [
          "-XstartOnFirstThread"
        ],
        "rules": [
          {
            "action": "allow",
            "os": {
              "name": "osx"
            }
          }
        ]
      },
      {
        "values": [
          "-XX:HeapDumpPath=MojangTricksIntelDriversForPerformance_javaw.exe_minecraft.exe.heapdump"
        ],
        "rules": [
          {
            "action": "allow",
            "os": {
              "name": "windows"
            }
          }
        ]
      },
      {
        "values": [
          "-Xss1M"
        ],
        "rules": [
          {
            "action": "allow",
            "os": {}
          }
        ]
      },
      {
        "values": [
          "-Djava.library.path=${natives_directory}"
        ],
        "rules": []
      },
      {
        "values": [
          "-Djna.tmpdir=${natives_directory}"
        ],
        "rules": []
      },
      {
        "values": [
          "-Dorg.lwjgl.system.SharedLibraryExtractPath=${natives_directory}"
        ],
        "rules": []
      },
      {
        "values": [
          "-Dio.netty.native.workdir=${natives_directory}"
        ],
        "rules": []
      },
      {
        "values": [
          "-Dminecraft.launcher.brand=${launcher_name}"
        ],
        "rules": []
      },
      {
        "values": [
          "-Dminecraft.launcher.version=${launcher_version}"
        ],
        "rules": []
      },
      {
        "values": [
          "-cp"
        ],
        "rules": []
      },
      {
        "values": [
          "${classpath}"
        ],
        "rules": []
      },
      {
        "values": [
          "-Djava.net.preferIPv6Addresses=system"
        ],
        "rules": []
      },
      {
        "values": [
          "-DignoreList=client-extra,${version_name}.jar"
        ],
        "rules": []
      },
      {
        "values": [
          "-DlibraryDirectory=${library_directory}"
        ],
        "rules": []
      },
      {
        "values": [
          "-p"
        ],
        "rules": []
      },
      {
        "values": [
          "${library_directory}/cpw/mods/bootstraplauncher/2.0.2/bootstraplauncher-2.0.2.jar${classpath_separator}${library_directory}/cpw/mods/securejarhandler/3.0.8/securejarhandler-3.0.8.jar${classpath_separator}${library_directory}/org/ow2/asm/asm-commons/9.7/asm-commons-9.7.jar${classpath_separator}${library_directory}/org/ow2/asm/asm-util/9.7/asm-util-9.7.jar${classpath_separator}${library_directory}/org/ow2/asm/asm-analysis/9.7/asm-analysis-9.7.jar${classpath_separator}${library_directory}/org/ow2/asm/asm-tree/9.7/asm-tree-9.7.jar${classpath_separator}${library_directory}/org/ow2/asm/asm/9.7/asm-9.7.jar${classpath_separator}${library_directory}/net/neoforged/JarJarFileSystems/0.4.1/JarJarFileSystems-0.4.1.jar"
        ],
        "rules": []
      },
      {
        "values": [
          "--add-modules"
        ],
        "rules": []
      },
      {
        "values": [
          "ALL-MODULE-PATH"
        ],
        "rules": []
      },
      {
        "values": [
          "--add-opens"
        ],
        "rules": []
      },
      {
        "values": [
          "java.base/java.util.jar=cpw.mods.securejarhandler"
        ],
        "rules": []
      },
      {
        "values": [
          "--add-opens"
        ],
        "rules": []
      },
      {
        "values": [
          "java.base/java.lang.invoke=cpw.mods.securejarhandler"
        ],
        "rules": []
      },
      {
        "values": [
          "--add-exports"
        ],
        "rules": []
      },
      {
        "values": [
          "java.base/sun.security.util=cpw.mods.securejarhandler"
        ],
        "rules": []
      },
      {
        "values": [
          "--add-exports"
        ],
        "rules": []
      },
      {
        "values": [
          "jdk.naming.dns/com.sun.jndi.dns=java.naming"
        ],
        "rules": []
      }
    ],
    "game": [
      {
        "values": [
          "--username"
        ],
        "rules": []
      },
      {
        "values": [
          "${auth_player_name}"
        ],
        "rules": []
      },
      {
        "values": [
          "--version"
        ],
        "rules": []
      },
      {
        "values": [
          "${version_name}"
        ],
        "rules": []
      },
      {
        "values": [
          "--gameDir"
        ],
        "rules": []
      },
      {
        "values": [
          "${game_directory}"
        ],
        "rules": []
      },
      {
        "values": [
          "--assetsDir"
        ],
        "rules": []
      },
      {
        "values": [
          "${assets_root}"
        ],
        "rules": []
      },
      {
        "values": [
          "--assetIndex"
        ],
        "rules": []
      },
      {
        "values": [
          "${assets_index_name}"
        ],
        "rules": []
      },
      {
        "values": [
          "--uuid"
        ],
        "rules": []
      },
      {
        "values": [
          "${auth_uuid}"
        ],
        "rules": []
      },
      {
        "values": [
          "--accessToken"
        ],
        "rules": []
      },
      {
        "values": [
          "${auth_access_token}"
        ],
        "rules": []
      },
      {
        "values": [
          "--clientId"
        ],
        "rules": []
      },
      {
        "values": [
          "${clientid}"
        ],
        "rules": []
      },
      {
        "values": [
          "--xuid"
        ],
        "rules": []
      },
      {
        "values": [
          "${auth_xuid}"
        ],
        "rules": []
      },
      {
        "values": [
          "--userType"
        ],
        "rules": []
      },
      {
        "values": [
          "${user_type}"
        ],
        "rules": []
      },
      {
        "values": [
          "--versionType"
        ],
        "rules": []
      },
      {
        "values": [
          "${version_type}"
        ],
        "rules": []
      },
      {
        "values": [
          "--demo"
        ],
        "rules": [
          {
            "action": "allow",
            "features": {
              "is_demo_user": true
            }
          }
        ]
      },
      {
        "values": [
          "--width",
          "${resolution_width}",
          "--height",
          "${resolution_height}"
        ],
        "rules": [
          {
            "action": "allow",
            "features": {
              "has_custom_resolution": true
            }
          }
        ]
      },
      {
        "values": [
          "--quickPlayPath",
          "${quickPlayPath}"
        ],
        "rules": [
          {
            "action": "allow",
            "features": {
              "has_quick_plays_support": true
            }
          }
        ]
      },
      {
        "values": [
          "--quickPlaySingleplayer",
          "${quickPlaySingleplayer}"
        ],
        "rules": [
          {
            "action": "allow",
            "features": {
              "is_quick_play_singleplayer": true
            }
          }
        ]
      },
      {
        "values": [
          "--quickPlayMultiplayer",
          "${quickPlayMultiplayer}"
        ],
        "rules": [
          {
            "action": "allow",
            "features": {
              "is_quick_play_multiplayer": true
            }
          }
        ]
      },
      {
        "values": [
          "--quickPlayRealms",
          "${quickPlayRealms}"
        ],
        "rules": [
          {
            "action": "allow",
            "features": {
              "is_quick_play_realms": true
            }
          }
        ]
      },
      {
        "values": [
          "--fml.neoForgeVersion"
        ],
        "rules": []
      },
      {
        "values": [
          "21.1.180"
        ],
        "rules": []
      },
      {
        "values": [
          "--fml.fmlVersion"
        ],
        "rules": []
      },
      {
        "values": [
          "4.0.39"
        ],
        "rules": []
      },
      {
        "values": [
          "--fml.mcVersion"
        ],
        "rules": []
      },
      {
        "values": [
          "1.21.1"
        ],
        "rules": []
      },
      {
        "values": [
          "--fml.neoFormVersion"
        ],
        "rules": []
      },
      {
        "values": [
          "20240808.144430"
        ],
        "rules": []
      },
      {
        "values": [
          "--launchTarget"
        ],
        "rules": []
      },
      {
        "values": [
          "forgeclient"
        ],
        "rules": []
      }
    ]
  },
  "assets": "17",
  "libraries": [
    {
      "name": "net.neoforged.fancymodloader:earlydisplay:4.0.39",
      "artifact": {
        "sha1": "4388fd457faa6f04f8858d92ead5f33a354693a0",
        "size": 261720,
        "path": "libraries/net/neoforged/fancymodloader/earlydisplay/4.0.39/earlydisplay-4.0.39.jar",
        "url": "http://res.tlauncher.org/unb/libraries/net/neoforged/fancymodloader/earlydisplay/4.0.39/earlydisplay-4.0.39.jar"
      }
    },
    {
      "name": "net.neoforged.fancymodloader:loader:4.0.39",
      "artifact": {
        "sha1": "3721e43a7254e2861a63ab4a4ce716e4150d2640",
        "size": 504648,
        "path": "libraries/net/neoforged/fancymodloader/loader/4.0.39/loader-4.0.39.jar",
        "url": "http://res.tlauncher.org/unb/libraries/net/neoforged/fancymodloader/loader/4.0.39/loader-4.0.39.jar"
      }
    },
    {
      "name": "net.neoforged.accesstransformers:at-modlauncher:10.0.1",
      "artifact": {
        "sha1": "5aba50202aceead086bc09fbc2751c9f05cb4890",
        "size": 2347,
        "path": "libraries/net/neoforged/accesstransformers/at-modlauncher/10.0.1/at-modlauncher-10.0.1.jar",
        "url": "http://res.tlauncher.org/unb/libraries/net/neoforged/accesstransformers/at-modlauncher/10.0.1/at-modlauncher-10.0.1.jar"
      }
    },
    {
      "name": "net.neoforged:accesstransformers:10.0.1",
      "artifact": {
        "sha1": "fd83b5725f76eae9115e9355fa1c456a6a441400",
        "size": 67234,
        "path": "libraries/net/neoforged/accesstransformers/10.0.1/accesstransformers-10.0.1.jar",
        "url": "http://res.tlauncher.org/unb/libraries/net/neoforged/accesstransformers/10.0.1/accesstransformers-10.0.1.jar"
      }
    },
    {
      "name": "net.neoforged:bus:8.0.2",
      "artifact": {
        "sha1": "163c9ef7c4bcca6d850c34e95261b606af91fe06",
        "size": 29341,
        "path": "libraries/net/neoforged/bus/8.0.2/bus-8.0.2.jar",
        "url": "http://res.tlauncher.org/unb/libraries/net/neoforged/bus/8.0.2/bus-8.0.2.jar"
      }
    },
    {
      "name": "net.neoforged:coremods:7.0.3",
      "artifact": {
        "sha1": "09147e6f638b4272b3bd5fc8f92ad37802512c6c",
        "size": 22659,
        "path": "libraries/net/neoforged/coremods/7.0.3/coremods-7.0.3.jar",
        "url": "http://res.tlauncher.org/unb/libraries/net/neoforged/coremods/7.0.3/coremods-7.0.3.jar"
      }
    },
    {
      "name": "cpw.mods:modlauncher:11.0.5",
      "artifact": {
        "sha1": "b8f0d49294f733fdb6173931b263553e943dc950",
        "size": 116486,
        "path": "libraries/cpw/mods/modlauncher/11.0.5/modlauncher-11.0.5.jar",
        "url": "http://res.tlauncher.org/unb/libraries/cpw/mods/modlauncher/11.0.5/modlauncher-11.0.5.jar"
      }
    },
    {
      "name": "net.neoforged:mergetool:2.0.0:api",
      "artifact": {
        "sha1": "52fe1949be64e3303aabaaa21e315f551db9c9f4",
        "size": 2550,
        "path": "libraries/net/neoforged/mergetool/2.0.0/mergetool-2.0.0-api.jar",
        "url": "http://res.tlauncher.org/unb/libraries/net/neoforged/mergetool/2.0.0/mergetool-2.0.0-api.jar"
      }
    },
    {
      "name": "com.electronwill.night-config:toml:3.8.2",
      "artifact": {
        "sha1": "c128842f759692f613ea6c3ef0ef052273bbb38c",
        "size": 39516,
        "path": "libraries/com/electronwill/night-config/toml/3.8.2/toml-3.8.2.jar",
        "url": "http://res.tlauncher.org/unb/libraries/com/electronwill/night-config/toml/3.8.2/toml-3.8.2.jar"
      }
    },
    {
      "name": "com.electronwill.night-config:core:3.8.2",
      "artifact": {
        "sha1": "94eee571e1524129804d08c75f6416a3be380ad4",
        "size": 380967,
        "path": "libraries/com/electronwill/night-config/core/3.8.2/core-3.8.2.jar",
        "url": "http://res.tlauncher.org/unb/libraries/com/electronwill/night-config/core/3.8.2/core-3.8.2.jar"
      }
    },
    {
      "name": "net.neoforged:JarJarSelector:0.4.1",
      "artifact": {
        "sha1": "fb3cc7a58af22ad2880adb98af6d518128c47dae",
        "size": 17168,
        "path": "libraries/net/neoforged/JarJarSelector/0.4.1/JarJarSelector-0.4.1.jar",
        "url": "http://res.tlauncher.org/unb/libraries/net/neoforged/JarJarSelector/0.4.1/JarJarSelector-0.4.1.jar"
      }
    },
    {
      "name": "net.neoforged:JarJarMetadata:0.4.1",
      "artifact": {
        "sha1": "f8da03683dc81694556dc3e177c5e3bb77ae6fcb",
        "size": 15648,
        "path": "libraries/net/neoforged/JarJarMetadata/0.4.1/JarJarMetadata-0.4.1.jar",
        "url": "http://res.tlauncher.org/unb/libraries/net/neoforged/JarJarMetadata/0.4.1/JarJarMetadata-0.4.1.jar"
      }
    },
    {
      "name": "org.apache.maven:maven-artifact:3.8.5",
      "artifact": {
        "sha1": "4433f50c07debefaed0553bd0068f4f48d449313",
        "size": 58077,
        "path": "libraries/org/apache/maven/maven-artifact/3.8.5/maven-artifact-3.8.5.jar",
        "url": "http://res.tlauncher.org/unb/libraries/org/apache/maven/maven-artifact/3.8.5/maven-artifact-3.8.5.jar"
      }
    },
    {
      "name": "net.jodah:typetools:0.6.3",
      "artifact": {
        "sha1": "a01aaa6ddaea9ec07ec4f209487b7a46a526283a",
        "size": 18281,
        "path": "libraries/net/jodah/typetools/0.6.3/typetools-0.6.3.jar",
        "url": "http://res.tlauncher.org/unb/libraries/net/jodah/typetools/0.6.3/typetools-0.6.3.jar"
      }
    },
    {
      "name": "net.minecrell:terminalconsoleappender:1.3.0",
      "artifact": {
        "sha1": "b562e9bb61235c9520e26282cdee71f8f802d1fc",
        "size": 16949,
        "path": "libraries/net/minecrell/terminalconsoleappender/1.3.0/terminalconsoleappender-1.3.0.jar",
        "url": "http://res.tlauncher.org/unb/libraries/net/minecrell/terminalconsoleappender/1.3.0/terminalconsoleappender-1.3.0.jar"
      }
    },
    {
      "name": "net.fabricmc:sponge-mixin:0.15.2+mixin.0.8.7",
      "artifact": {
        "sha1": "2af2f021d8e02a0220dc27a7a72b4666d66d44ca",
        "size": 1494751,
        "path": "libraries/net/fabricmc/sponge-mixin/0.15.2+mixin.0.8.7/sponge-mixin-0.15.2+mixin.0.8.7.jar",
        "url": "http://res.tlauncher.org/unb/libraries/net/fabricmc/sponge-mixin/0.15.2+mixin.0.8.7/sponge-mixin-0.15.2+mixin.0.8.7.jar"
      }
    },
    {
      "name": "org.openjdk.nashorn:nashorn-core:15.4",
      "artifact": {
        "sha1": "f67f5ffaa5f5130cf6fb9b133da00c7df3b532a5",
        "size": 2167292,
        "path": "libraries/org/openjdk/nashorn/nashorn-core/15.4/nashorn-core-15.4.jar",
        "url": "http://res.tlauncher.org/unb/libraries/org/openjdk/nashorn/nashorn-core/15.4/nashorn-core-15.4.jar"
      }
    },
    {
      "name": "org.apache.commons:commons-lang3:3.14.0",
      "artifact": {
        "sha1": "1ed471194b02f2c6cb734a0cd6f6f107c673afae",
        "size": 657952,
        "path": "libraries/org/apache/commons/commons-lang3/3.14.0/commons-lang3-3.14.0.jar",
        "url": "http://res.tlauncher.org/unb/libraries/org/apache/commons/commons-lang3/3.14.0/commons-lang3-3.14.0.jar"
      }
    },
    {
      "name": "cpw.mods:bootstraplauncher:2.0.2",
      "artifact": {
        "sha1": "1a2d076cbc33b0520cbacd591224427b2a20047d",
        "size": 11116,
        "path": "libraries/cpw/mods/bootstraplauncher/2.0.2/bootstraplauncher-2.0.2.jar",
        "url": "http://res.tlauncher.org/unb/libraries/cpw/mods/bootstraplauncher/2.0.2/bootstraplauncher-2.0.2.jar"
      }
    },
    {
      "name": "cpw.mods:securejarhandler:3.0.8",
      "artifact": {
        "sha1": "c0ef95cecd8699a0449053ac7d9c160748d902cd",
        "size": 103765,
        "path": "libraries/cpw/mods/securejarhandler/3.0.8/securejarhandler-3.0.8.jar",
        "url": "http://res.tlauncher.org/unb/libraries/cpw/mods/securejarhandler/3.0.8/securejarhandler-3.0.8.jar"
      }
    },
    {
      "name": "org.ow2.asm:asm-commons:9.7",
      "artifact": {
        "sha1": "e86dda4696d3c185fcc95d8d311904e7ce38a53f",
        "size": 73426,
        "path": "libraries/org/ow2/asm/asm-commons/9.7/asm-commons-9.7.jar",
        "url": "http://res.tlauncher.org/unb/libraries/org/ow2/asm/asm-commons/9.7/asm-commons-9.7.jar"
      }
    },
    {
      "name": "org.ow2.asm:asm-util:9.7",
      "artifact": {
        "sha1": "c0655519f24d92af2202cb681cd7c1569df6ead6",
        "size": 93784,
        "path": "libraries/org/ow2/asm/asm-util/9.7/asm-util-9.7.jar",
        "url": "http://res.tlauncher.org/unb/libraries/org/ow2/asm/asm-util/9.7/asm-util-9.7.jar"
      }
    },
    {
      "name": "org.ow2.asm:asm-analysis:9.7",
      "artifact": {
        "sha1": "e4a258b7eb96107106c0599f0061cfc1832fe07a",
        "size": 34776,
        "path": "libraries/org/ow2/asm/asm-analysis/9.7/asm-analysis-9.7.jar",
        "url": "http://res.tlauncher.org/unb/libraries/org/ow2/asm/asm-analysis/9.7/asm-analysis-9.7.jar"
      }
    },
    {
      "name": "org.ow2.asm:asm-tree:9.7",
      "artifact": {
        "sha1": "e446a17b175bfb733b87c5c2560ccb4e57d69f1a",
        "size": 51934,
        "path": "libraries/org/ow2/asm/asm-tree/9.7/asm-tree-9.7.jar",
        "url": "http://res.tlauncher.org/unb/libraries/org/ow2/asm/asm-tree/9.7/asm-tree-9.7.jar"
      }
    },
    {
      "name": "org.ow2.asm:asm:9.7",
      "artifact": {
        "sha1": "073d7b3086e14beb604ced229c302feff6449723",
        "size": 125428,
        "path": "libraries/org/ow2/asm/asm/9.7/asm-9.7.jar",
        "url": "http://res.tlauncher.org/unb/libraries/org/ow2/asm/asm/9.7/asm-9.7.jar"
      }
    },
    {
      "name": "net.neoforged:JarJarFileSystems:0.4.1",
      "artifact": {
        "sha1": "78f59f89defcd032ed788b151ca6a0d40ace796a",
        "size": 31807,
        "path": "libraries/net/neoforged/JarJarFileSystems/0.4.1/JarJarFileSystems-0.4.1.jar",
        "url": "http://res.tlauncher.org/unb/libraries/net/neoforged/JarJarFileSystems/0.4.1/JarJarFileSystems-0.4.1.jar"
      }
    },
    {
      "name": "net.sf.jopt-simple:jopt-simple:5.0.4",
      "artifact": {
        "sha1": "4fdac2fbe92dfad86aa6e9301736f6b4342a3f5c",
        "size": 78146,
        "path": "libraries/net/sf/jopt-simple/jopt-simple/5.0.4/jopt-simple-5.0.4.jar",
        "url": "http://res.tlauncher.org/unb/libraries/net/sf/jopt-simple/jopt-simple/5.0.4/jopt-simple-5.0.4.jar"
      }
    },
    {
      "name": "org.slf4j:slf4j-api:2.0.9",
      "artifact": {
        "sha1": "7cf2726fdcfbc8610f9a71fb3ed639871f315340",
        "size": 64579,
        "path": "libraries/org/slf4j/slf4j-api/2.0.9/slf4j-api-2.0.9.jar",
        "url": "http://res.tlauncher.org/unb/libraries/org/slf4j/slf4j-api/2.0.9/slf4j-api-2.0.9.jar"
      }
    },
    {
      "name": "org.antlr:antlr4-runtime:4.13.1",
      "artifact": {
        "sha1": "17125bae1d965624e265ef49552f6465a2bfa307",
        "size": 326305,
        "path": "libraries/org/antlr/antlr4-runtime/4.13.1/antlr4-runtime-4.13.1.jar",
        "url": "http://res.tlauncher.org/unb/libraries/org/antlr/antlr4-runtime/4.13.1/antlr4-runtime-4.13.1.jar"
      }
    },
    {
      "name": "com.mojang:logging:1.2.7",
      "artifact": {
        "sha1": "24cb95ffb0e3433fd6e844c04e68009e504ca1c0",
        "size": 15343,
        "path": "libraries/com/mojang/logging/1.2.7/logging-1.2.7.jar",
        "url": "http://res.tlauncher.org/unb/libraries/com/mojang/logging/1.2.7/logging-1.2.7.jar"
      }
    },
    {
      "name": "org.apache.logging.log4j:log4j-slf4j2-impl:2.22.1",
      "artifact": {
        "sha1": "d7e6693c2606cb7e7335047d7bb96dec52db5665",
        "size": 27364,
        "path": "libraries/org/apache/logging/log4j/log4j-slf4j2-impl/2.22.1/log4j-slf4j2-impl-2.22.1.jar",
        "url": "http://res.tlauncher.org/unb/libraries/org/apache/logging/log4j/log4j-slf4j2-impl/2.22.1/log4j-slf4j2-impl-2.22.1.jar"
      }
    },
    {
      "name": "org.apache.logging.log4j:log4j-core:2.22.1",
      "artifact": {
        "sha1": "7183a25510a02ad00cc6a95d3b3d2a7d3c5a8dc4",
        "size": 1900022,
        "path": "libraries/org/apache/logging/log4j/log4j-core/2.22.1/log4j-core-2.22.1.jar",
        "url": "http://res.tlauncher.org/unb/libraries/org/apache/logging/log4j/log4j-core/2.22.1/log4j-core-2.22.1.jar"
      }
    },
    {
      "name": "org.apache.logging.log4j:log4j-api:2.22.1",
      "artifact": {
        "sha1": "bea6fede6328fabafd7e68363161a7ea6605abd1",
        "size": 335001,
        "path": "libraries/org/apache/logging/log4j/log4j-api/2.22.1/log4j-api-2.22.1.jar",
        "url": "http://res.tlauncher.org/unb/libraries/org/apache/logging/log4j/log4j-api/2.22.1/log4j-api-2.22.1.jar"
      }
    },
    {
      "name": "org.jline:jline-reader:3.20.0",
      "artifact": {
        "sha1": "8f15415b022a25b473e8e16c28ae913186ffb9c4",
        "size": 171052,
        "path": "libraries/org/jline/jline-reader/3.20.0/jline-reader-3.20.0.jar",
        "url": "http://res.tlauncher.org/unb/libraries/org/jline/jline-reader/3.20.0/jline-reader-3.20.0.jar"
      }
    },
    {
      "name": "org.jline:jline-terminal:3.20.0",
      "artifact": {
        "sha1": "d0ddcc708ddf527a3454c941b7b9225cc83a15ff",
        "size": 228481,
        "path": "libraries/org/jline/jline-terminal/3.20.0/jline-terminal-3.20.0.jar",
        "url": "http://res.tlauncher.org/unb/libraries/org/jline/jline-terminal/3.20.0/jline-terminal-3.20.0.jar"
      }
    },
    {
      "name": "commons-io:commons-io:2.15.1",
      "artifact": {
        "sha1": "f11560da189ab563a5c8e351941415430e9304ea",
        "size": 501218,
        "path": "libraries/commons-io/commons-io/2.15.1/commons-io-2.15.1.jar",
        "url": "http://res.tlauncher.org/unb/libraries/commons-io/commons-io/2.15.1/commons-io-2.15.1.jar"
      }
    },
    {
      "name": "net.minecraftforge:srgutils:0.4.15",
      "artifact": {
        "sha1": "ca408b131759478f164e010fae0d73997e125fb5",
        "size": 69393,
        "path": "libraries/net/minecraftforge/srgutils/0.4.15/srgutils-0.4.15.jar",
        "url": "http://res.tlauncher.org/unb/libraries/net/minecraftforge/srgutils/0.4.15/srgutils-0.4.15.jar"
      }
    },
    {
      "name": "com.google.guava:guava:32.1.2-jre",
      "artifact": {
        "sha1": "5e64ec7e056456bef3a4bc4c6fdaef71e8ab6318",
        "size": 3041591,
        "path": "libraries/com/google/guava/guava/32.1.2-jre/guava-32.1.2-jre.jar",
        "url": "http://res.tlauncher.org/unb/libraries/com/google/guava/guava/32.1.2-jre/guava-32.1.2-jre.jar"
      }
    },
    {
      "name": "com.google.guava:failureaccess:1.0.1",
      "artifact": {
        "sha1": "1dcf1de382a0bf95a3d8b0849546c88bac1292c9",
        "size": 4617,
        "path": "libraries/com/google/guava/failureaccess/1.0.1/failureaccess-1.0.1.jar",
        "url": "http://res.tlauncher.org/unb/libraries/com/google/guava/failureaccess/1.0.1/failureaccess-1.0.1.jar"
      }
    },
    {
      "name": "com.google.guava:listenablefuture:9999.0-empty-to-avoid-conflict-with-guava",
      "artifact": {
        "sha1": "b421526c5f297295adef1c886e5246c39d4ac629",
        "size": 2199,
        "path": "libraries/com/google/guava/listenablefuture/9999.0-empty-to-avoid-conflict-with-guava/listenablefuture-9999.0-empty-to-avoid-conflict-with-guava.jar",
        "url": "http://res.tlauncher.org/unb/libraries/com/google/guava/listenablefuture/9999.0-empty-to-avoid-conflict-with-guava/listenablefuture-9999.0-empty-to-avoid-conflict-with-guava.jar"
      }
    },
    {
      "name": "com.google.code.findbugs:jsr305:3.0.2",
      "artifact": {
        "sha1": "25ea2e8b0c338a877313bd4672d3fe056ea78f0d",
        "size": 19936,
        "path": "libraries/com/google/code/findbugs/jsr305/3.0.2/jsr305-3.0.2.jar",
        "url": "http://res.tlauncher.org/unb/libraries/com/google/code/findbugs/jsr305/3.0.2/jsr305-3.0.2.jar"
      }
    },
    {
      "name": "org.checkerframework:checker-qual:3.33.0",
      "artifact": {
        "sha1": "de2b60b62da487644fc11f734e73c8b0b431238f",
        "size": 223979,
        "path": "libraries/org/checkerframework/checker-qual/3.33.0/checker-qual-3.33.0.jar",
        "url": "http://res.tlauncher.org/unb/libraries/org/checkerframework/checker-qual/3.33.0/checker-qual-3.33.0.jar"
      }
    },
    {
      "name": "com.google.errorprone:error_prone_annotations:2.18.0",
      "artifact": {
        "sha1": "89b684257096f548fa39a7df9fdaa409d4d4df91",
        "size": 16017,
        "path": "libraries/com/google/errorprone/error_prone_annotations/2.18.0/error_prone_annotations-2.18.0.jar",
        "url": "http://res.tlauncher.org/unb/libraries/com/google/errorprone/error_prone_annotations/2.18.0/error_prone_annotations-2.18.0.jar"
      }
    },
    {
      "name": "com.google.j2objc:j2objc-annotations:2.8",
      "artifact": {
        "sha1": "c85270e307e7b822f1086b93689124b89768e273",
        "size": 9301,
        "path": "libraries/com/google/j2objc/j2objc-annotations/2.8/j2objc-annotations-2.8.jar",
        "url": "http://res.tlauncher.org/unb/libraries/com/google/j2objc/j2objc-annotations/2.8/j2objc-annotations-2.8.jar"
      }
    },
    {
      "name": "com.google.code.gson:gson:2.10.1",
      "artifact": {
        "sha1": "b3add478d4382b78ea20b1671390a858002feb6c",
        "size": 283367,
        "path": "libraries/com/google/code/gson/gson/2.10.1/gson-2.10.1.jar",
        "url": "http://res.tlauncher.org/unb/libraries/com/google/code/gson/gson/2.10.1/gson-2.10.1.jar"
      }
    },
    {
      "name": "org.codehaus.plexus:plexus-utils:3.3.0",
      "artifact": {
        "sha1": "cf43b5391de623b36fe066a21127baef82c64022",
        "size": 263253,
        "path": "libraries/org/codehaus/plexus/plexus-utils/3.3.0/plexus-utils-3.3.0.jar",
        "url": "http://res.tlauncher.org/unb/libraries/org/codehaus/plexus/plexus-utils/3.3.0/plexus-utils-3.3.0.jar"
      }
    },
    {
      "name": "com.machinezoo.noexception:noexception:1.7.1",
      "artifact": {
        "sha1": "b65330c98e38a1f915fa54a6e5eca496505e3f0a",
        "size": 250861,
        "path": "libraries/com/machinezoo/noexception/noexception/1.7.1/noexception-1.7.1.jar",
        "url": "http://res.tlauncher.org/unb/libraries/com/machinezoo/noexception/noexception/1.7.1/noexception-1.7.1.jar"
      }
    },
    {
      "name": "ca.weblite:java-objc-bridge:1.1",
      "rules": [
        {
          "action": "allow",
          "os": {
            "name": "osx"
          }
        }
      ],
      "artifact": {
        "sha1": "1227f9e0666314f9de41477e3ec277e542ed7f7b",
        "size": 1330045,
        "path": "ca/weblite/java-objc-bridge/1.1/java-objc-bridge-1.1.jar",
        "url": "https://libraries.minecraft.net/ca/weblite/java-objc-bridge/1.1/java-objc-bridge-1.1.jar"
      }
    },
    {
      "name": "com.github.oshi:oshi-core:6.4.10",
      "artifact": {
        "sha1": "b1d8ab82d11d92fd639b56d639f8f46f739dd5fa",
        "size": 979212,
        "path": "com/github/oshi/oshi-core/6.4.10/oshi-core-6.4.10.jar",
        "url": "https://libraries.minecraft.net/com/github/oshi/oshi-core/6.4.10/oshi-core-6.4.10.jar"
      }
    },
    {
      "name": "com.ibm.icu:icu4j:73.2",
      "artifact": {
        "sha1": "61ad4ef7f9131fcf6d25c34b817f90d6da06c9e9",
        "size": 14567819,
        "path": "com/ibm/icu/icu4j/73.2/icu4j-73.2.jar",
        "url": "https://libraries.minecraft.net/com/ibm/icu/icu4j/73.2/icu4j-73.2.jar"
      }
    },
    {
      "name": "com.mojang:authlib:6.0.54",
      "artifact": {
        "sha1": "de8bc95660e1b2fe8793fd427a7a10dcec5b3ea7",
        "size": 115242,
        "path": "com/mojang/authlib/6.0.54/authlib-6.0.54.jar",
        "url": "https://libraries.minecraft.net/com/mojang/authlib/6.0.54/authlib-6.0.54.jar"
      }
    },
    {
      "name": "com.mojang:blocklist:1.0.10",
      "artifact": {
        "sha1": "5c685c5ffa94c4cd39496c7184c1d122e515ecef",
        "size": 964,
        "path": "com/mojang/blocklist/1.0.10/blocklist-1.0.10.jar",
        "url": "https://libraries.minecraft.net/com/mojang/blocklist/1.0.10/blocklist-1.0.10.jar"
      }
    },
    {
      "name": "com.mojang:brigadier:1.3.10",
      "artifact": {
        "sha1": "d15b53a14cf20fdcaa98f731af5dda654452c010",
        "size": 80082,
        "path": "com/mojang/brigadier/1.3.10/brigadier-1.3.10.jar",
        "url": "https://libraries.minecraft.net/com/mojang/brigadier/1.3.10/brigadier-1.3.10.jar"
      }
    },
    {
      "name": "com.mojang:datafixerupper:8.0.16",
      "artifact": {
        "sha1": "67d4de6d7f95d89bcf5862995fb854ebaec02a34",
        "size": 724313,
        "path": "com/mojang/datafixerupper/8.0.16/datafixerupper-8.0.16.jar",
        "url": "https://libraries.minecraft.net/com/mojang/datafixerupper/8.0.16/datafixerupper-8.0.16.jar"
      }
    },
    {
      "name": "com.mojang:patchy:2.2.10",
      "artifact": {
        "sha1": "da05971b07cbb379d002cf7eaec6a2048211fefc",
        "size": 4439,
        "path": "com/mojang/patchy/2.2.10/patchy-2.2.10.jar",
        "url": "https://libraries.minecraft.net/com/mojang/patchy/2.2.10/patchy-2.2.10.jar"
      }
    },
    {
      "name": "com.mojang:text2speech:1.17.9",
      "artifact": {
        "sha1": "3cad216e3a7f0c19b4b394388bc9ffc446f13b14",
        "size": 12243,
        "path": "com/mojang/text2speech/1.17.9/text2speech-1.17.9.jar",
        "url": "https://libraries.minecraft.net/com/mojang/text2speech/1.17.9/text2speech-1.17.9.jar"
      }
    },
    {
      "name": "commons-codec:commons-codec:1.16.0",
      "artifact": {
        "sha1": "4e3eb3d79888d76b54e28b350915b5dc3919c9de",
        "size": 360738,
        "path": "commons-codec/commons-codec/1.16.0/commons-codec-1.16.0.jar",
        "url": "https://libraries.minecraft.net/commons-codec/commons-codec/1.16.0/commons-codec-1.16.0.jar"
      }
    },
    {
      "name": "commons-logging:commons-logging:1.2",
      "artifact": {
        "sha1": "4bfc12adfe4842bf07b657f0369c4cb522955686",
        "size": 61829,
        "path": "commons-logging/commons-logging/1.2/commons-logging-1.2.jar",
        "url": "https://libraries.minecraft.net/commons-logging/commons-logging/1.2/commons-logging-1.2.jar"
      }
    },
    {
      "name": "io.netty:netty-buffer:4.1.97.Final",
      "artifact": {
        "sha1": "f8f3d8644afa5e6e1a40a3a6aeb9d9aa970ecb4f",
        "size": 306590,
        "path": "io/netty/netty-buffer/4.1.97.Final/netty-buffer-4.1.97.Final.jar",
        "url": "https://libraries.minecraft.net/io/netty/netty-buffer/4.1.97.Final/netty-buffer-4.1.97.Final.jar"
      }
    },
    {
      "name": "io.netty:netty-codec:4.1.97.Final",
      "artifact": {
        "sha1": "384ba4d75670befbedb45c4d3b497a93639c206d",
        "size": 345274,
        "path": "io/netty/netty-codec/4.1.97.Final/netty-codec-4.1.97.Final.jar",
        "url": "https://libraries.minecraft.net/io/netty/netty-codec/4.1.97.Final/netty-codec-4.1.97.Final.jar"
      }
    },
    {
      "name": "io.netty:netty-common:4.1.97.Final",
      "artifact": {
        "sha1": "7cceacaf11df8dc63f23d0fb58e9d4640fc88404",
        "size": 659930,
        "path": "io/netty/netty-common/4.1.97.Final/netty-common-4.1.97.Final.jar",
        "url": "https://libraries.minecraft.net/io/netty/netty-common/4.1.97.Final/netty-common-4.1.97.Final.jar"
      }
    },
    {
      "name": "io.netty:netty-handler:4.1.97.Final",
      "artifact": {
        "sha1": "abb86c6906bf512bf2b797a41cd7d2e8d3cd7c36",
        "size": 560040,
        "path": "io/netty/netty-handler/4.1.97.Final/netty-handler-4.1.97.Final.jar",
        "url": "https://libraries.minecraft.net/io/netty/netty-handler/4.1.97.Final/netty-handler-4.1.97.Final.jar"
      }
    },
    {
      "name": "io.netty:netty-resolver:4.1.97.Final",
      "artifact": {
        "sha1": "cec8348108dc76c47cf87c669d514be52c922144",
        "size": 37792,
        "path": "io/netty/netty-resolver/4.1.97.Final/netty-resolver-4.1.97.Final.jar",
        "url": "https://libraries.minecraft.net/io/netty/netty-resolver/4.1.97.Final/netty-resolver-4.1.97.Final.jar"
      }
    },
    {
      "name": "io.netty:netty-transport-classes-epoll:4.1.97.Final",
      "artifact": {
        "sha1": "795da37ded759e862457a82d9d92c4d39ce8ecee",
        "size": 147139,
        "path": "io/netty/netty-transport-classes-epoll/4.1.97.Final/netty-transport-classes-epoll-4.1.97.Final.jar",
        "url": "https://libraries.minecraft.net/io/netty/netty-transport-classes-epoll/4.1.97.Final/netty-transport-classes-epoll-4.1.97.Final.jar"
      }
    },
    {
      "name": "io.netty:netty-transport-native-epoll:4.1.97.Final:linux-aarch_64",
      "rules": [
        {
          "action": "allow",
          "os": {
            "name": "linux"
          }
        }
      ],
      "artifact": {
        "sha1": "5514744c588190ffda076b35a9b8c9f24946a960",
        "size": 40427,
        "path": "io/netty/netty-transport-native-epoll/4.1.97.Final/netty-transport-native-epoll-4.1.97.Final-linux-aarch_64.jar",
        "url": "https://libraries.minecraft.net/io/netty/netty-transport-native-epoll/4.1.97.Final/netty-transport-native-epoll-4.1.97.Final-linux-aarch_64.jar"
      }
    },
    {
      "name": "io.netty:netty-transport-native-epoll:4.1.97.Final:linux-x86_64",
      "rules": [
        {
          "action": "allow",
          "os": {
            "name": "linux"
          }
        }
      ],
      "artifact": {
        "sha1": "54188f271e388e7f313aea995e82f58ce2cdb809",
        "size": 38954,
        "path": "io/netty/netty-transport-native-epoll/4.1.97.Final/netty-transport-native-epoll-4.1.97.Final-linux-x86_64.jar",
        "url": "https://libraries.minecraft.net/io/netty/netty-transport-native-epoll/4.1.97.Final/netty-transport-native-epoll-4.1.97.Final-linux-x86_64.jar"
      }
    },
    {
      "name": "io.netty:netty-transport-native-unix-common:4.1.97.Final",
      "artifact": {
        "sha1": "d469d84265ab70095b01b40886cabdd433b6e664",
        "size": 43897,
        "path": "io/netty/netty-transport-native-unix-common/4.1.97.Final/netty-transport-native-unix-common-4.1.97.Final.jar",
        "url": "https://libraries.minecraft.net/io/netty/netty-transport-native-unix-common/4.1.97.Final/netty-transport-native-unix-common-4.1.97.Final.jar"
      }
    },
    {
      "name": "io.netty:netty-transport:4.1.97.Final",
      "artifact": {
        "sha1": "f37380d23c9bb079bc702910833b2fd532c9abd0",
        "size": 489624,
        "path": "io/netty/netty-transport/4.1.97.Final/netty-transport-4.1.97.Final.jar",
        "url": "https://libraries.minecraft.net/io/netty/netty-transport/4.1.97.Final/netty-transport-4.1.97.Final.jar"
      }
    },
    {
      "name": "it.unimi.dsi:fastutil:8.5.12",
      "artifact": {
        "sha1": "c24946d46824bd528054bface3231d2ecb7e95e8",
        "size": 23326598,
        "path": "it/unimi/dsi/fastutil/8.5.12/fastutil-8.5.12.jar",
        "url": "https://libraries.minecraft.net/it/unimi/dsi/fastutil/8.5.12/fastutil-8.5.12.jar"
      }
    },
    {
      "name": "net.java.dev.jna:jna-platform:5.14.0",
      "artifact": {
        "sha1": "28934d48aed814f11e4c584da55c49fa7032b31b",
        "size": 1369287,
        "path": "net/java/dev/jna/jna-platform/5.14.0/jna-platform-5.14.0.jar",
        "url": "https://libraries.minecraft.net/net/java/dev/jna/jna-platform/5.14.0/jna-platform-5.14.0.jar"
      }
    },
    {
      "name": "net.java.dev.jna:jna:5.14.0",
      "artifact": {
        "sha1": "67bf3eaea4f0718cb376a181a629e5f88fa1c9dd",
        "size": 1878533,
        "path": "net/java/dev/jna/jna/5.14.0/jna-5.14.0.jar",
        "url": "https://libraries.minecraft.net/net/java/dev/jna/jna/5.14.0/jna-5.14.0.jar"
      }
    },
    {
      "name": "org.apache.commons:commons-compress:1.26.0",
      "artifact": {
        "sha1": "659feffdd12280201c8aacb8f7be94f9a883c824",
        "size": 1078328,
        "path": "org/apache/commons/commons-compress/1.26.0/commons-compress-1.26.0.jar",
        "url": "https://libraries.minecraft.net/org/apache/commons/commons-compress/1.26.0/commons-compress-1.26.0.jar"
      }
    },
    {
      "name": "org.apache.httpcomponents:httpclient:4.5.13",
      "artifact": {
        "sha1": "e5f6cae5ca7ecaac1ec2827a9e2d65ae2869cada",
        "size": 780321,
        "path": "org/apache/httpcomponents/httpclient/4.5.13/httpclient-4.5.13.jar",
        "url": "https://libraries.minecraft.net/org/apache/httpcomponents/httpclient/4.5.13/httpclient-4.5.13.jar"
      }
    },
    {
      "name": "org.apache.httpcomponents:httpcore:4.4.16",
      "artifact": {
        "sha1": "51cf043c87253c9f58b539c9f7e44c8894223850",
        "size": 327891,
        "path": "org/apache/httpcomponents/httpcore/4.4.16/httpcore-4.4.16.jar",
        "url": "https://libraries.minecraft.net/org/apache/httpcomponents/httpcore/4.4.16/httpcore-4.4.16.jar"
      }
    },
    {
      "name": "org.jcraft:jorbis:0.0.17",
      "artifact": {
        "sha1": "8872d22b293e8f5d7d56ff92be966e6dc28ebdc6",
        "size": 99701,
        "path": "org/jcraft/jorbis/0.0.17/jorbis-0.0.17.jar",
        "url": "https://libraries.minecraft.net/org/jcraft/jorbis/0.0.17/jorbis-0.0.17.jar"
      }
    },
    {
      "name": "org.joml:joml:1.10.5",
      "artifact": {
        "sha1": "22566d58af70ad3d72308bab63b8339906deb649",
        "size": 712082,
        "path": "org/joml/joml/1.10.5/joml-1.10.5.jar",
        "url": "https://libraries.minecraft.net/org/joml/joml/1.10.5/joml-1.10.5.jar"
      }
    },
    {
      "name": "org.lwjgl:lwjgl-freetype:3.3.3",
      "artifact": {
        "sha1": "a0db6c84a8becc8ca05f9dbfa985edc348a824c7",
        "size": 450896,
        "path": "org/lwjgl/lwjgl-freetype/3.3.3/lwjgl-freetype-3.3.3.jar",
        "url": "https://libraries.minecraft.net/org/lwjgl/lwjgl-freetype/3.3.3/lwjgl-freetype-3.3.3.jar"
      }
    },
    {
      "name": "org.lwjgl:lwjgl-freetype:3.3.3:natives-linux",
      "rules": [
        {
          "action": "allow",
          "os": {
            "name": "linux"
          }
        }
      ],
      "artifact": {
        "sha1": "149070a5480900347071b7074779531f25a6e3dc",
        "size": 1245129,
        "path": "org/lwjgl/lwjgl-freetype/3.3.3/lwjgl-freetype-3.3.3-natives-linux.jar",
        "url": "https://libraries.minecraft.net/org/lwjgl/lwjgl-freetype/3.3.3/lwjgl-freetype-3.3.3-natives-linux.jar"
      }
    },
    {
      "name": "org.lwjgl:lwjgl-freetype:3.3.3:natives-macos-arm64",
      "rules": [
        {
          "action": "allow",
          "os": {
            "name": "osx"
          }
        }
      ],
      "artifact": {
        "sha1": "b0a8c9baa9d1f54ac61e1ab9640c7659e7fa700c",
        "size": 1040981,
        "path": "org/lwjgl/lwjgl-freetype/3.3.3/lwjgl-freetype-3.3.3-natives-macos-arm64.jar",
        "url": "https://libraries.minecraft.net/org/lwjgl/lwjgl-freetype/3.3.3/lwjgl-freetype-3.3.3-natives-macos-arm64.jar"
      }
    },
    {
      "name": "org.lwjgl:lwjgl-freetype:3.3.3:natives-macos-patch",
      "rules": [
        {
          "action": "allow",
          "os": {
            "name": "osx"
          }
        }
      ],
      "artifact": {
        "sha1": "806d869f37ce0df388a24e17aaaf5ca0894d851b",
        "size": 1071983,
        "path": "org/lwjgl/lwjgl-freetype/3.3.3/lwjgl-freetype-3.3.3-natives-macos-patch.jar",
        "url": "https://libraries.minecraft.net/org/lwjgl/lwjgl-freetype/3.3.3/lwjgl-freetype-3.3.3-natives-macos-patch.jar"
      }
    },
    {
      "name": "org.lwjgl:lwjgl-freetype:3.3.3:natives-windows",
      "rules": [
        {
          "action": "allow",
          "os": {
            "name": "windows"
          }
        }
      ],
      "artifact": {
        "sha1": "81091b006dbb43fab04c8c638e9ac87c51b4096d",
        "size": 1035586,
        "path": "org/lwjgl/lwjgl-freetype/3.3.3/lwjgl-freetype-3.3.3-natives-windows.jar",
        "url": "https://libraries.minecraft.net/org/lwjgl/lwjgl-freetype/3.3.3/lwjgl-freetype-3.3.3-natives-windows.jar"
      }
    },
    {
      "name": "org.lwjgl:lwjgl-freetype:3.3.3:natives-windows-arm64",
      "rules": [
        {
          "action": "allow",
          "os": {
            "name": "windows"
          }
        }
      ],
      "artifact": {
        "sha1": "82028265a0a2ff33523ca75137ada7dc176e5210",
        "size": 886068,
        "path": "org/lwjgl/lwjgl-freetype/3.3.3/lwjgl-freetype-3.3.3-natives-windows-arm64.jar",
        "url": "https://libraries.minecraft.net/org/lwjgl/lwjgl-freetype/3.3.3/lwjgl-freetype-3.3.3-natives-windows-arm64.jar"
      }
    },
    {
      "name": "org.lwjgl:lwjgl-freetype:3.3.3:natives-windows-x86",
      "rules": [
        {
          "action": "allow",
          "os": {
            "name": "windows"
          }
        }
      ],
      "artifact": {
        "sha1": "15a8c1de7f51d07a92eae7ce1222557073a0c0c3",
        "size": 877480,
        "path": "org/lwjgl/lwjgl-freetype/3.3.3/lwjgl-freetype-3.3.3-natives-windows-x86.jar",
        "url": "https://libraries.minecraft.net/org/lwjgl/lwjgl-freetype/3.3.3/lwjgl-freetype-3.3.3-natives-windows-x86.jar"
      }
    },
    {
      "name": "org.lwjgl:lwjgl-glfw:3.3.3",
      "artifact": {
        "sha1": "efa1eb78c5ccd840e9f329717109b5e892d72f8e",
        "size": 135546,
        "path": "org/lwjgl/lwjgl-glfw/3.3.3/lwjgl-glfw-3.3.3.jar",
        "url": "https://libraries.minecraft.net/org/lwjgl/lwjgl-glfw/3.3.3/lwjgl-glfw-3.3.3.jar"
      }
    },
    {
      "name": "org.lwjgl:lwjgl-glfw:3.3.3:natives-linux",
      "rules": [
        {
          "action": "allow",
          "os": {
            "name": "linux"
          }
        }
      ],
      "artifact": {
        "sha1": "a03684c5e4b1b1dbbe0d29dbbdc27b985b6840f2",
        "size": 118478,
        "path": "org/lwjgl/lwjgl-glfw/3.3.3/lwjgl-glfw-3.3.3-natives-linux.jar",
        "url": "https://libraries.minecraft.net/org/lwjgl/lwjgl-glfw/3.3.3/lwjgl-glfw-3.3.3-natives-linux.jar"
      }
    },
    {
      "name": "org.lwjgl:lwjgl-glfw:3.3.3:natives-macos",
      "rules": [
        {
          "action": "allow",
          "os": {
            "name": "osx"
          }
        }
      ],
      "artifact": {
        "sha1": "a1bf400f6bc64e6195596cb1430dafda46090751",
        "size": 140884,
        "path": "org/lwjgl/lwjgl-glfw/3.3.3/lwjgl-glfw-3.3.3-natives-macos.jar",
        "url": "https://libraries.minecraft.net/org/lwjgl/lwjgl-glfw/3.3.3/lwjgl-glfw-3.3.3-natives-macos.jar"
      }
    },
    {
      "name": "org.lwjgl:lwjgl-glfw:3.3.3:natives-macos-arm64",
      "rules": [
        {
          "action": "allow",
          "os": {
            "name": "osx"
          }
        }
      ],
      "artifact": {
        "sha1": "ee8cc78d0a4a5b3b4600fade6d927c9fc320c858",
        "size": 138288,
        "path": "org/lwjgl/lwjgl-glfw/3.3.3/lwjgl-glfw-3.3.3-natives-macos-arm64.jar",
        "url": "https://libraries.minecraft.net/org/lwjgl/lwjgl-glfw/3.3.3/lwjgl-glfw-3.3.3-natives-macos-arm64.jar"
      }
    },
    {
      "name": "org.lwjgl:lwjgl-glfw:3.3.3:natives-windows",
      "rules": [
        {
          "action": "allow",
          "os": {
            "name": "windows"
          }
        }
      ],
      "artifact": {
        "sha1": "e449e28b4891fc423c54c85fbc5bb0b9efece67a",
        "size": 166368,
        "path": "org/lwjgl/lwjgl-glfw/3.3.3/lwjgl-glfw-3.3.3-natives-windows.jar",
        "url": "https://libraries.minecraft.net/org/lwjgl/lwjgl-glfw/3.3.3/lwjgl-glfw-3.3.3-natives-windows.jar"
      }
    },
    {
      "name": "org.lwjgl:lwjgl-glfw:3.3.3:natives-windows-arm64",
      "rules": [
        {
          "action": "allow",
          "os": {
            "name": "windows"
          }
        }
      ],
      "artifact": {
        "sha1": "f27018dc74f6289574502b46cce55d52817554e2",
        "size": 141970,
        "path": "org/lwjgl/lwjgl-glfw/3.3.3/lwjgl-glfw-3.3.3-natives-windows-arm64.jar",
        "url": "https://libraries.minecraft.net/org/lwjgl/lwjgl-glfw/3.3.3/lwjgl-glfw-3.3.3-natives-windows-arm64.jar"
      }
    },
    {
      "name": "org.lwjgl:lwjgl-glfw:3.3.3:natives-windows-x86",
      "rules": [
        {
          "action": "allow",
          "os": {
            "name": "windows"
          }
        }
      ],
      "artifact": {
        "sha1": "32334f3fd5270a59bad9939a93115acb6de36dcf",
        "size": 157123,
        "path": "org/lwjgl/lwjgl-glfw/3.3.3/lwjgl-glfw-3.3.3-natives-windows-x86.jar",
        "url": "https://libraries.minecraft.net/org/lwjgl/lwjgl-glfw/3.3.3/lwjgl-glfw-3.3.3-natives-windows-x86.jar"
      }
    },
    {
      "name": "org.lwjgl:lwjgl-jemalloc:3.3.3",
      "artifact": {
        "sha1": "b543467b7ff3c6920539a88ee602d34098628be5",
        "size": 43896,
        "path": "org/lwjgl/lwjgl-jemalloc/3.3.3/lwjgl-jemalloc-3.3.3.jar",
        "url": "https://libraries.minecraft.net/org/lwjgl/lwjgl-jemalloc/3.3.3/lwjgl-jemalloc-3.3.3.jar"
      }
    },
    {
      "name": "org.lwjgl:lwjgl-jemalloc:3.3.3:natives-linux",
      "rules": [
        {
          "action": "allow",
          "os": {
            "name": "linux"
          }
        }
      ],
      "artifact": {
        "sha1": "4f86728bf449b1dd61251c4e0ac01df1389cb51e",
        "size": 206779,
        "path": "org/lwjgl/lwjgl-jemalloc/3.3.3/lwjgl-jemalloc-3.3.3-natives-linux.jar",
        "url": "https://libraries.minecraft.net/org/lwjgl/lwjgl-jemalloc/3.3.3/lwjgl-jemalloc-3.3.3-natives-linux.jar"
      }
    },
    {
      "name": "org.lwjgl:lwjgl-jemalloc:3.3.3:natives-macos",
      "rules": [
        {
          "action": "allow",
          "os": {
            "name": "osx"
          }
        }
      ],
      "artifact": {
        "sha1": "2906637657a57579847238c9c72d2c4bde7083f8",
        "size": 153131,
        "path": "org/lwjgl/lwjgl-jemalloc/3.3.3/lwjgl-jemalloc-3.3.3-natives-macos.jar",
        "url": "https://libraries.minecraft.net/org/lwjgl/lwjgl-jemalloc/3.3.3/lwjgl-jemalloc-3.3.3-natives-macos.jar"
      }
    },
    {
      "name": "org.lwjgl:lwjgl-jemalloc:3.3.3:natives-macos-arm64",
      "rules": [
        {
          "action": "allow",
          "os": {
            "name": "osx"
          }
        }
      ],
      "artifact": {
        "sha1": "e9412c3ff8cb3a3bad1d3f52909ad74d8a5bdad1",
        "size": 141418,
        "path": "org/lwjgl/lwjgl-jemalloc/3.3.3/lwjgl-jemalloc-3.3.3-natives-macos-arm64.jar",
        "url": "https://libraries.minecraft.net/org/lwjgl/lwjgl-jemalloc/3.3.3/lwjgl-jemalloc-3.3.3-natives-macos-arm64.jar"
      }
    },
    {
      "name": "org.lwjgl:lwjgl-jemalloc:3.3.3:natives-windows",
      "rules": [
        {
          "action": "allow",
          "os": {
            "name": "windows"
          }
        }
      ],
      "artifact": {
        "sha1": "426222fc027602a5f21b9c0fe79cde6a4c7a011f",
        "size": 180344,
        "path": "org/lwjgl/lwjgl-jemalloc/3.3.3/lwjgl-jemalloc-3.3.3-natives-windows.jar",
        "url": "https://libraries.minecraft.net/org/lwjgl/lwjgl-jemalloc/3.3.3/lwjgl-jemalloc-3.3.3-natives-windows.jar"
      }
    },
    {
      "name": "org.lwjgl:lwjgl-jemalloc:3.3.3:natives-windows-arm64",
      "rules": [
        {
          "action": "allow",
          "os": {
            "name": "windows"
          }
        }
      ],
      "artifact": {
        "sha1": "ba1f3fed0ee4be0217eaa41c5bbfb4b9b1383c33",
        "size": 154415,
        "path": "org/lwjgl/lwjgl-jemalloc/3.3.3/lwjgl-jemalloc-3.3.3-natives-windows-arm64.jar",
        "url": "https://libraries.minecraft.net/org/lwjgl/lwjgl-jemalloc/3.3.3/lwjgl-jemalloc-3.3.3-natives-windows-arm64.jar"
      }
    },
    {
      "name": "org.lwjgl:lwjgl-jemalloc:3.3.3:natives-windows-x86",
      "rules": [
        {
          "action": "allow",
          "os": {
            "name": "windows"
          }
        }
      ],
      "artifact": {
        "sha1": "f6063b6e0f23be483c5c88d84ce51b39dc69126c",
        "size": 148612,
        "path": "org/lwjgl/lwjgl-jemalloc/3.3.3/lwjgl-jemalloc-3.3.3-natives-windows-x86.jar",
        "url": "https://libraries.minecraft.net/org/lwjgl/lwjgl-jemalloc/3.3.3/lwjgl-jemalloc-3.3.3-natives-windows-x86.jar"
      }
    },
    {
      "name": "org.lwjgl:lwjgl-openal:3.3.3",
      "artifact": {
        "sha1": "daada81ceb5fc0c291fbfdd4433cb8d9423577f2",
        "size": 110586,
        "path": "org/lwjgl/lwjgl-openal/3.3.3/lwjgl-openal-3.3.3.jar",
        "url": "https://libraries.minecraft.net/org/lwjgl/lwjgl-openal/3.3.3/lwjgl-openal-3.3.3.jar"
      }
    },
    {
      "name": "org.lwjgl:lwjgl-openal:3.3.3:natives-linux",
      "rules": [
        {
          "action": "allow",
          "os": {
            "name": "linux"
          }
        }
      ],
      "artifact": {
        "sha1": "3037360cc4595079bea240af250b6d1a527e0905",
        "size": 573224,
        "path": "org/lwjgl/lwjgl-openal/3.3.3/lwjgl-openal-3.3.3-natives-linux.jar",
        "url": "https://libraries.minecraft.net/org/lwjgl/lwjgl-openal/3.3.3/lwjgl-openal-3.3.3-natives-linux.jar"
      }
    },
    {
      "name": "org.lwjgl:lwjgl-openal:3.3.3:natives-macos",
      "rules": [
        {
          "action": "allow",
          "os": {
            "name": "osx"
          }
        }
      ],
      "artifact": {
        "sha1": "8df8338bfa77f2ebabef4e58964bd04d24805cbf",
        "size": 519824,
        "path": "org/lwjgl/lwjgl-openal/3.3.3/lwjgl-openal-3.3.3-natives-macos.jar",
        "url": "https://libraries.minecraft.net/org/lwjgl/lwjgl-openal/3.3.3/lwjgl-openal-3.3.3-natives-macos.jar"
      }
    },
    {
      "name": "org.lwjgl:lwjgl-openal:3.3.3:natives-macos-arm64",
      "rules": [
        {
          "action": "allow",
          "os": {
            "name": "osx"
          }
        }
      ],
      "artifact": {
        "sha1": "0c78b078de2fb52f45aa55d04db889a560f3544f",
        "size": 471012,
        "path": "org/lwjgl/lwjgl-openal/3.3.3/lwjgl-openal-3.3.3-natives-macos-arm64.jar",
        "url": "https://libraries.minecraft.net/org/lwjgl/lwjgl-openal/3.3.3/lwjgl-openal-3.3.3-natives-macos-arm64.jar"
      }
    },
    {
      "name": "org.lwjgl:lwjgl-openal:3.3.3:natives-windows",
      "rules": [
        {
          "action": "allow",
          "os": {
            "name": "windows"
          }
        }
      ],
      "artifact": {
        "sha1": "cf83862ae95d98496b26915024c7e666d8ab1c8f",
        "size": 698720,
        "path": "org/lwjgl/lwjgl-openal/3.3.3/lwjgl-openal-3.3.3-natives-windows.jar",
        "url": "https://libraries.minecraft.net/org/lwjgl/lwjgl-openal/3.3.3/lwjgl-openal-3.3.3-natives-windows.jar"
      }
    },
    {
      "name": "org.lwjgl:lwjgl-openal:3.3.3:natives-windows-arm64",
      "rules": [
        {
          "action": "allow",
          "os": {
            "name": "windows"
          }
        }
      ],
      "artifact": {
        "sha1": "8e0615235116b9e4160dfe87bec90f5f6378bf72",
        "size": 630410,
        "path": "org/lwjgl/lwjgl-openal/3.3.3/lwjgl-openal-3.3.3-natives-windows-arm64.jar",
        "url": "https://libraries.minecraft.net/org/lwjgl/lwjgl-openal/3.3.3/lwjgl-openal-3.3.3-natives-windows-arm64.jar"
      }
    },
    {
      "name": "org.lwjgl:lwjgl-openal:3.3.3:natives-windows-x86",
      "rules": [
        {
          "action": "allow",
          "os": {
            "name": "windows"
          }
        }
      ],
      "artifact": {
        "sha1": "87b8d5050e3adb46bb58fe1cb2669a4a48fce10d",
        "size": 638424,
        "path": "org/lwjgl/lwjgl-openal/3.3.3/lwjgl-openal-3.3.3-natives-windows-x86.jar",
        "url": "https://libraries.minecraft.net/org/lwjgl/lwjgl-openal/3.3.3/lwjgl-openal-3.3.3-natives-windows-x86.jar"
      }
    },
    {
      "name": "org.lwjgl:lwjgl-opengl:3.3.3",
      "artifact": {
        "sha1": "02f6b0147078396a58979125a4c947664e98293a",
        "size": 929192,
        "path": "org/lwjgl/lwjgl-opengl/3.3.3/lwjgl-opengl-3.3.3.jar",
        "url": "https://libraries.minecraft.net/org/lwjgl/lwjgl-opengl/3.3.3/lwjgl-opengl-3.3.3.jar"
      }
    },
    {
      "name": "org.lwjgl:lwjgl-opengl:3.3.3:natives-linux",
      "rules": [
        {
          "action": "allow",
          "os": {
            "name": "linux"
          }
        }
      ],
      "artifact": {
        "sha1": "62c70a4b00ca5391882b0f4b787c1588d24f1c86",
        "size": 80463,
        "path": "org/lwjgl/lwjgl-opengl/3.3.3/lwjgl-opengl-3.3.3-natives-linux.jar",
        "url": "https://libraries.minecraft.net/org/lwjgl/lwjgl-opengl/3.3.3/lwjgl-opengl-3.3.3-natives-linux.jar"
      }
    },
    {
      "name": "org.lwjgl:lwjgl-opengl:3.3.3:natives-macos",
      "rules": [
        {
          "action": "allow",
          "os": {
            "name": "osx"
          }
        }
      ],
      "artifact": {
        "sha1": "1bd45997551ae8a28469f3a2b678f4b7289e12c0",
        "size": 41484,
        "path": "org/lwjgl/lwjgl-opengl/3.3.3/lwjgl-opengl-3.3.3-natives-macos.jar",
        "url": "https://libraries.minecraft.net/org/lwjgl/lwjgl-opengl/3.3.3/lwjgl-opengl-3.3.3-natives-macos.jar"
      }
    },
    {
      "name": "org.lwjgl:lwjgl-opengl:3.3.3:natives-macos-arm64",
      "rules": [
        {
          "action": "allow",
          "os": {
            "name": "osx"
          }
        }
      ],
      "artifact": {
        "sha1": "d213ddef27637b1af87961ffa94d6b27036becc8",
        "size": 42487,
        "path": "org/lwjgl/lwjgl-opengl/3.3.3/lwjgl-opengl-3.3.3-natives-macos-arm64.jar",
        "url": "https://libraries.minecraft.net/org/lwjgl/lwjgl-opengl/3.3.3/lwjgl-opengl-3.3.3-natives-macos-arm64.jar"
      }
    },
    {
      "name": "org.lwjgl:lwjgl-opengl:3.3.3:natives-windows",
      "rules": [
        {
          "action": "allow",
          "os": {
            "name": "windows"
          }
        }
      ],
      "artifact": {
        "sha1": "e6c1eec8be8a71951b830a4d69efc01c6531900c",
        "size": 101535,
        "path": "org/lwjgl/lwjgl-opengl/3.3.3/lwjgl-opengl-3.3.3-natives-windows.jar",
        "url": "https://libraries.minecraft.net/org/lwjgl/lwjgl-opengl/3.3.3/lwjgl-opengl-3.3.3-natives-windows.jar"
      }
    },
    {
      "name": "org.lwjgl:lwjgl-opengl:3.3.3:natives-windows-arm64",
      "rules": [
        {
          "action": "allow",
          "os": {
            "name": "windows"
          }
        }
      ],
      "artifact": {
        "sha1": "65e956d3735a1abdc82eff4baec1b61174697d4b",
        "size": 83095,
        "path": "org/lwjgl/lwjgl-opengl/3.3.3/lwjgl-opengl-3.3.3-natives-windows-arm64.jar",
        "url": "https://libraries.minecraft.net/org/lwjgl/lwjgl-opengl/3.3.3/lwjgl-opengl-3.3.3-natives-windows-arm64.jar"
      }
    },
    {
      "name": "org.lwjgl:lwjgl-opengl:3.3.3:natives-windows-x86",
      "rules": [
        {
          "action": "allow",
          "os": {
            "name": "windows"
          }
        }
      ],
      "artifact": {
        "sha1": "0d32d833dcaa2f355a886eaf21f0408b5f03241d",
        "size": 88612,
        "path": "org/lwjgl/lwjgl-opengl/3.3.3/lwjgl-opengl-3.3.3-natives-windows-x86.jar",
        "url": "https://libraries.minecraft.net/org/lwjgl/lwjgl-opengl/3.3.3/lwjgl-opengl-3.3.3-natives-windows-x86.jar"
      }
    },
    {
      "name": "org.lwjgl:lwjgl-stb:3.3.3",
      "artifact": {
        "sha1": "25dd6161988d7e65f71d5065c99902402ee32746",
        "size": 120283,
        "path": "org/lwjgl/lwjgl-stb/3.3.3/lwjgl-stb-3.3.3.jar",
        "url": "https://libraries.minecraft.net/org/lwjgl/lwjgl-stb/3.3.3/lwjgl-stb-3.3.3.jar"
      }
    },
    {
      "name": "org.lwjgl:lwjgl-stb:3.3.3:natives-linux",
      "rules": [
        {
          "action": "allow",
          "os": {
            "name": "linux"
          }
        }
      ],
      "artifact": {
        "sha1": "fd1271ccd9d85eff2fa31f3fd543e02ccfaf5041",
        "size": 231820,
        "path": "org/lwjgl/lwjgl-stb/3.3.3/lwjgl-stb-3.3.3-natives-linux.jar",
        "url": "https://libraries.minecraft.net/org/lwjgl/lwjgl-stb/3.3.3/lwjgl-stb-3.3.3-natives-linux.jar"
      }
    },
    {
      "name": "org.lwjgl:lwjgl-stb:3.3.3:natives-macos",
      "rules": [
        {
          "action": "allow",
          "os": {
            "name": "osx"
          }
        }
      ],
      "artifact": {
        "sha1": "472792c98fb2c1557c060cb9da5fca6a9773621f",
        "size": 216456,
        "path": "org/lwjgl/lwjgl-stb/3.3.3/lwjgl-stb-3.3.3-natives-macos.jar",
        "url": "https://libraries.minecraft.net/org/lwjgl/lwjgl-stb/3.3.3/lwjgl-stb-3.3.3-natives-macos.jar"
      }
    },
    {
      "name": "org.lwjgl:lwjgl-stb:3.3.3:natives-macos-arm64",
      "rules": [
        {
          "action": "allow",
          "os": {
            "name": "osx"
          }
        }
      ],
      "artifact": {
        "sha1": "51c6955571fbcdb7bb538c6aa589b953b584c6af",
        "size": 183628,
        "path": "org/lwjgl/lwjgl-stb/3.3.3/lwjgl-stb-3.3.3-natives-macos-arm64.jar",
        "url": "https://libraries.minecraft.net/org/lwjgl/lwjgl-stb/3.3.3/lwjgl-stb-3.3.3-natives-macos-arm64.jar"
      }
    },
    {
      "name": "org.lwjgl:lwjgl-stb:3.3.3:natives-windows",
      "rules": [
        {
          "action": "allow",
          "os": {
            "name": "windows"
          }
        }
      ],
      "artifact": {
        "sha1": "1d9facdf6541de114b0f963be33505b7679c78cb",
        "size": 261297,
        "path": "org/lwjgl/lwjgl-stb/3.3.3/lwjgl-stb-3.3.3-natives-windows.jar",
        "url": "https://libraries.minecraft.net/org/lwjgl/lwjgl-stb/3.3.3/lwjgl-stb-3.3.3-natives-windows.jar"
      }
    },
    {
      "name": "org.lwjgl:lwjgl-stb:3.3.3:natives-windows-arm64",
      "rules": [
        {
          "action": "allow",
          "os": {
            "name": "windows"
          }
        }
      ],
      "artifact": {
        "sha1": "a584ab44de569708871f0a79561f4d8c37487f2c",
        "size": 219511,
        "path": "org/lwjgl/lwjgl-stb/3.3.3/lwjgl-stb-3.3.3-natives-windows-arm64.jar",
        "url": "https://libraries.minecraft.net/org/lwjgl/lwjgl-stb/3.3.3/lwjgl-stb-3.3.3-natives-windows-arm64.jar"
      }
    },
    {
      "name": "org.lwjgl:lwjgl-stb:3.3.3:natives-windows-x86",
      "rules": [
        {
          "action": "allow",
          "os": {
            "name": "windows"
          }
        }
      ],
      "artifact": {
        "sha1": "b5c874687b9aac1a936501d4ed2c49567fd1b575",
        "size": 227800,
        "path": "org/lwjgl/lwjgl-stb/3.3.3/lwjgl-stb-3.3.3-natives-windows-x86.jar",
        "url": "https://libraries.minecraft.net/org/lwjgl/lwjgl-stb/3.3.3/lwjgl-stb-3.3.3-natives-windows-x86.jar"
      }
    },
    {
      "name": "org.lwjgl:lwjgl-tinyfd:3.3.3",
      "artifact": {
        "sha1": "82d755ca94b102e9ca77283b9e2dc46d1b15fbe5",
        "size": 13400,
        "path": "org/lwjgl/lwjgl-tinyfd/3.3.3/lwjgl-tinyfd-3.3.3.jar",
        "url": "https://libraries.minecraft.net/org/lwjgl/lwjgl-tinyfd/3.3.3/lwjgl-tinyfd-3.3.3.jar"
      }
    },
    {
      "name": "org.lwjgl:lwjgl-tinyfd:3.3.3:natives-linux",
      "rules": [
        {
          "action": "allow",
          "os": {
            "name": "linux"
          }
        }
      ],
      "artifact": {
        "sha1": "d8d58daa0c3e5fd906fee96f5fddbcbc07cc308b",
        "size": 44192,
        "path": "org/lwjgl/lwjgl-tinyfd/3.3.3/lwjgl-tinyfd-3.3.3-natives-linux.jar",
        "url": "https://libraries.minecraft.net/org/lwjgl/lwjgl-tinyfd/3.3.3/lwjgl-tinyfd-3.3.3-natives-linux.jar"
      }
    },
    {
      "name": "org.lwjgl:lwjgl-tinyfd:3.3.3:natives-macos",
      "rules": [
        {
          "action": "allow",
          "os": {
            "name": "osx"
          }
        }
      ],
      "artifact": {
        "sha1": "6598081e346a03038a8be68eb2de614a1c2eac68",
        "size": 45865,
        "path": "org/lwjgl/lwjgl-tinyfd/3.3.3/lwjgl-tinyfd-3.3.3-natives-macos.jar",
        "url": "https://libraries.minecraft.net/org/lwjgl/lwjgl-tinyfd/3.3.3/lwjgl-tinyfd-3.3.3-natives-macos.jar"
      }
    },
    {
      "name": "org.lwjgl:lwjgl-tinyfd:3.3.3:natives-macos-arm64",
      "rules": [
        {
          "action": "allow",
          "os": {
            "name": "osx"
          }
        }
      ],
      "artifact": {
        "sha1": "406feedb977372085a61eb0fee358183f4f4c67a",
        "size": 42498,
        "path": "org/lwjgl/lwjgl-tinyfd/3.3.3/lwjgl-tinyfd-3.3.3-natives-macos-arm64.jar",
        "url": "https://libraries.minecraft.net/org/lwjgl/lwjgl-tinyfd/3.3.3/lwjgl-tinyfd-3.3.3-natives-macos-arm64.jar"
      }
    },
    {
      "name": "org.lwjgl:lwjgl-tinyfd:3.3.3:natives-windows",
      "rules": [
        {
          "action": "allow",
          "os": {
            "name": "windows"
          }
        }
      ],
      "artifact": {
        "sha1": "a6697981b0449a5087c1d546fc08b4f73e8f98c9",
        "size": 130253,
        "path": "org/lwjgl/lwjgl-tinyfd/3.3.3/lwjgl-tinyfd-3.3.3-natives-windows.jar",
        "url": "https://libraries.minecraft.net/org/lwjgl/lwjgl-tinyfd/3.3.3/lwjgl-tinyfd-3.3.3-natives-windows.jar"
      }
    },
    {
      "name": "org.lwjgl:lwjgl-tinyfd:3.3.3:natives-windows-arm64",
      "rules": [
        {
          "action": "allow",
          "os": {
            "name": "windows"
          }
        }
      ],
      "artifact": {
        "sha1": "a88c494f3006eb91a7433b12a3a55a9a6c20788b",
        "size": 110867,
        "path": "org/lwjgl/lwjgl-tinyfd/3.3.3/lwjgl-tinyfd-3.3.3-natives-windows-arm64.jar",
        "url": "https://libraries.minecraft.net/org/lwjgl/lwjgl-tinyfd/3.3.3/lwjgl-tinyfd-3.3.3-natives-windows-arm64.jar"
      }
    },
    {
      "name": "org.lwjgl:lwjgl-tinyfd:3.3.3:natives-windows-x86",
      "rules": [
        {
          "action": "allow",
          "os": {
            "name": "windows"
          }
        }
      ],
      "artifact": {
        "sha1": "c336c84ee88cccb495c6ffa112395509e7378e8a",
        "size": 111797,
        "path": "org/lwjgl/lwjgl-tinyfd/3.3.3/lwjgl-tinyfd-3.3.3-natives-windows-x86.jar",
        "url": "https://libraries.minecraft.net/org/lwjgl/lwjgl-tinyfd/3.3.3/lwjgl-tinyfd-3.3.3-natives-windows-x86.jar"
      }
    },
    {
      "name": "org.lwjgl:lwjgl:3.3.3",
      "artifact": {
        "sha1": "29589b5f87ed335a6c7e7ee6a5775f81f97ecb84",
        "size": 785029,
        "path": "org/lwjgl/lwjgl/3.3.3/lwjgl-3.3.3.jar",
        "url": "https://libraries.minecraft.net/org/lwjgl/lwjgl/3.3.3/lwjgl-3.3.3.jar"
      }
    },
    {
      "name": "org.lwjgl:lwjgl:3.3.3:natives-linux",
      "rules": [
        {
          "action": "allow",
          "os": {
            "name": "linux"
          }
        }
      ],
      "artifact": {
        "sha1": "1713758e3660ba66e1e954396fd18126038b33c0",
        "size": 114627,
        "path": "org/lwjgl/lwjgl/3.3.3/lwjgl-3.3.3-natives-linux.jar",
        "url": "https://libraries.minecraft.net/org/lwjgl/lwjgl/3.3.3/lwjgl-3.3.3-natives-linux.jar"
      }
    },
    {
      "name": "org.lwjgl:lwjgl:3.3.3:natives-macos",
      "rules": [
        {
          "action": "allow",
          "os": {
            "name": "osx"
          }
        }
      ],
      "artifact": {
        "sha1": "33a6efa288390490ce6eb6c3df47ac21ecf648cf",
        "size": 60543,
        "path": "org/lwjgl/lwjgl/3.3.3/lwjgl-3.3.3-natives-macos.jar",
        "url": "https://libraries.minecraft.net/org/lwjgl/lwjgl/3.3.3/lwjgl-3.3.3-natives-macos.jar"
      }
    },
    {
      "name": "org.lwjgl:lwjgl:3.3.3:natives-macos-arm64",
      "rules": [
        {
          "action": "allow",
          "os": {
            "name": "osx"
          }
        }
      ],
      "artifact": {
        "sha1": "226246e75f6bd8d4e1895bdce8638ef87808d114",
        "size": 48620,
        "path": "org/lwjgl/lwjgl/3.3.3/lwjgl-3.3.3-natives-macos-arm64.jar",
        "url": "https://libraries.minecraft.net/org/lwjgl/lwjgl/3.3.3/lwjgl-3.3.3-natives-macos-arm64.jar"
      }
    },
    {
      "name": "org.lwjgl:lwjgl:3.3.3:natives-windows",
      "rules": [
        {
          "action": "allow",
          "os": {
            "name": "windows"
          }
        }
      ],
      "artifact": {
        "sha1": "a5ed18a2b82fc91b81f40d717cb1f64c9dcb0540",
        "size": 165442,
        "path": "org/lwjgl/lwjgl/3.3.3/lwjgl-3.3.3-natives-windows.jar",
        "url": "https://libraries.minecraft.net/org/lwjgl/lwjgl/3.3.3/lwjgl-3.3.3-natives-windows.jar"
      }
    },
    {
      "name": "org.lwjgl:lwjgl:3.3.3:natives-windows-arm64",
      "rules": [
        {
          "action": "allow",
          "os": {
            "name": "windows"
          }
        }
      ],
      "artifact": {
        "sha1": "e9aca8c5479b520a2a7f0d542a118140e812c5e8",
        "size": 133378,
        "path": "org/lwjgl/lwjgl/3.3.3/lwjgl-3.3.3-natives-windows-arm64.jar",
        "url": "https://libraries.minecraft.net/org/lwjgl/lwjgl/3.3.3/lwjgl-3.3.3-natives-windows-arm64.jar"
      }
    },
    {
      "name": "org.lwjgl:lwjgl:3.3.3:natives-windows-x86",
      "rules": [
        {
          "action": "allow",
          "os": {
            "name": "windows"
          }
        }
      ],
      "artifact": {
        "sha1": "9e670718e050aeaeea0c2d5b907cffb142f2e58f",
        "size": 139653,
        "path": "org/lwjgl/lwjgl/3.3.3/lwjgl-3.3.3-natives-windows-x86.jar",
        "url": "https://libraries.minecraft.net/org/lwjgl/lwjgl/3.3.3/lwjgl-3.3.3-natives-windows-x86.jar"
      }
    },
    {
      "name": "org.lz4:lz4-java:1.8.0",
      "artifact": {
        "sha1": "4b986a99445e49ea5fbf5d149c4b63f6ed6c6780",
        "size": 682804,
        "path": "org/lz4/lz4-java/1.8.0/lz4-java-1.8.0.jar",
        "url": "https://libraries.minecraft.net/org/lz4/lz4-java/1.8.0/lz4-java-1.8.0.jar"
      }
    }
  ],
  "assetIndex": {
    "id": "17",
    "totalSize": 807926527,
    "size": 448863,
    "url": "https://piston-meta.mojang.com/v1/packages/3dcd2d812a3d2817286d13b1b78b24925c736c83/17.json"
  },
  "downloads": {
    "client": {
      "sha1": "30c73b1c5da787909b2f73340419fdf13b9def88",
      "size": 26836906,
      "url": "https://piston-data.mojang.com/v1/objects/30c73b1c5da787909b2f73340419fdf13b9def88/client.jar"
    },
    "server": {
      "sha1": "59353fb40c36d304f2035d51e7d6e6baa98dc05c",
      "size": 51627615,
      "url": "https://piston-data.mojang.com/v1/objects/59353fb40c36d304f2035d51e7d6e6baa98dc05c/server.jar"
    },
    "client_mappings": {
      "sha1": "2244b6f072256667bcd9a73df124d6c58de77992",
      "size": 9598610,
      "url": "https://piston-data.mojang.com/v1/objects/2244b6f072256667bcd9a73df124d6c58de77992/client.txt"
    },
    "server_mappings": {
      "sha1": "03f8985492bda0afc0898465341eb0acef35f570",
      "size": 7456063,
      "url": "https://piston-data.mojang.com/v1/objects/03f8985492bda0afc0898465341eb0acef35f570/server.txt"
    }
  },
  "javaVersion": {
    "component": "java-runtime-delta",
    "majorVersion": 21.0
  },
  "logging": {
    "client": {
      "argument": "-Dlog4j.configurationFile=${path}",
      "file": {
        "id": "client-1.12.xml",
        "sha1": "bd65e7d2e3c237be76cfbef4c2405033d7f91521",
        "size": 888,
        "url": "https://piston-data.mojang.com/v1/objects/bd65e7d2e3c237be76cfbef4c2405033d7f91521/client-1.12.xml"
      },
      "type": "log4j2-xml"
    }
  }
}