{
  "activateSkinCapeForUserVersion": false,
  "skipHashsumValidation": false,
  "additionalFiles": [
    {
      "sha1": "b4fb33003ee0975bc4511ff09d5d4a268b33fc2b",
      "size": 14464635,
      "path": "libraries/net/minecraft/client/1.21.1-20240808.144430/client-1.21.1-20240808.144430-slim.jar",
      "url": "http://res.tlauncher.org/unb/libraries/cache/net/minecraft/client/1.21.1-20240808.144430/client-1.21.1-20240808.144430-slim.jar"
    },
    {
      "sha1": "a4827225b3c07662ca68b03ea20d11433a0c0488",
      "size": 18725656,
      "path": "libraries/net/minecraft/client/1.21.1-20240808.144430/client-1.21.1-20240808.144430-srg.jar",
      "url": "http://res.tlauncher.org/unb/libraries/cache/net/minecraft/client/1.21.1-20240808.144430/client-1.21.1-20240808.144430-srg.jar"
    },
    {
      "sha1": "db5c59932751d66c2f57c1c2de41b48712620975",
      "size": 12372293,
      "path": "libraries/net/minecraft/client/1.21.1-20240808.144430/client-1.21.1-20240808.144430-extra.jar",
      "url": "http://res.tlauncher.org/unb/libraries/cache/net/minecraft/client/1.21.1-20240808.144430/client-1.21.1-20240808.144430-extra.jar"
    },
    {
      "sha1": "2244b6f072256667bcd9a73df124d6c58de77992",
      "size": 9598610,
      "path": "libraries/net/minecraft/client/1.21.1-20240808.144430/client-1.21.1-20240808.144430-mappings.txt",
      "url": "http://res.tlauncher.org/unb/libraries/cache/net/minecraft/client/1.21.1-20240808.144430/client-1.21.1-20240808.144430-mappings.txt"
    },
    {
      "sha1": "fd83b5725f76eae9115e9355fa1c456a6a441400",
      "size": 67234,
      "path": "libraries/net/neoforged/accesstransformers/10.0.1/accesstransformers-10.0.1.jar",
      "url": "http://res.tlauncher.org/unb/libraries/cache/net/neoforged/accesstransformers/10.0.1/accesstransformers-10.0.1.jar"
    },
    {
      "sha1": "5aba50202aceead086bc09fbc2751c9f05cb4890",
      "size": 2347,
      "path": "libraries/net/neoforged/accesstransformers/at-modlauncher/10.0.1/at-modlauncher-10.0.1.jar",
      "url": "http://res.tlauncher.org/unb/libraries/cache/net/neoforged/accesstransformers/at-modlauncher/10.0.1/at-modlauncher-10.0.1.jar"
    },
    {
      "sha1": "72524c0362f812d8aa4cdb4c03e9b45e2b71ae3b",
      "size": 83543,
      "path": "libraries/net/neoforged/installertools/installertools/2.1.2/installertools-2.1.2.jar",
      "url": "http://res.tlauncher.org/unb/libraries/cache/net/neoforged/installertools/installertools/2.1.2/installertools-2.1.2.jar"
    },
    {
      "sha1": "e5a3115eb9e299117472675946be8a72e4990ad6",
      "size": 9379,
      "path": "libraries/net/neoforged/installertools/cli-utils/2.1.2/cli-utils-2.1.2.jar",
      "url": "http://res.tlauncher.org/unb/libraries/cache/net/neoforged/installertools/cli-utils/2.1.2/cli-utils-2.1.2.jar"
    },
    {
      "sha1": "8a7916be0a0e589897beab7c839072631067e48e",
      "size": 7790,
      "path": "libraries/net/neoforged/installertools/jarsplitter/2.1.2/jarsplitter-2.1.2.jar",
      "url": "http://res.tlauncher.org/unb/libraries/cache/net/neoforged/installertools/jarsplitter/2.1.2/jarsplitter-2.1.2.jar"
    },
    {
      "sha1": "759b63ef393ed80418ec1ea4d233cd6152d02637",
      "size": 624217,
      "path": "libraries/net/neoforged/installertools/binarypatcher/2.1.2/binarypatcher-2.1.2-fatjar.jar",
      "url": "http://res.tlauncher.org/unb/libraries/cache/net/neoforged/installertools/binarypatcher/2.1.2/binarypatcher-2.1.2-fatjar.jar"
    },
    {
      "sha1": "617c9b04fe62f17db288009dc9137fd3a8216cd1",
      "size": 5635312,
      "path": "libraries/net/neoforged/neoforge/21.1.180/neoforge-21.1.180-client.jar",
      "url": "http://res.tlauncher.org/unb/libraries/cache/net/neoforged/neoforge/21.1.180/neoforge-21.1.180-client.jar"
    },
    {
      "sha1": "175309b19384168044a78af67e7b4a1cdf4c264d",
      "size": 3046206,
      "path": "libraries/net/neoforged/neoforge/21.1.180/neoforge-21.1.180-universal.jar",
      "url": "http://res.tlauncher.org/unb/libraries/cache/net/neoforged/neoforge/21.1.180/neoforge-21.1.180-universal.jar"
    },
    {
      "sha1": "8184d8b290627ae54ab0eb980801bfe011f70175",
      "size": 5636727,
      "path": "libraries/net/neoforged/neoform/1.21.1-20240808.144430/neoform-1.21.1-20240808.144430-mappings-merged.txt",
      "url": "http://res.tlauncher.org/unb/libraries/cache/net/neoforged/neoform/1.21.1-20240808.144430/neoform-1.21.1-20240808.144430-mappings-merged.txt"
    },
    {
      "sha1": "c9fe69b8e39fc9ae8a56e6666204505866006cce",
      "size": 5601343,
      "path": "libraries/net/neoforged/neoform/1.21.1-20240808.144430/neoform-1.21.1-20240808.144430-mappings.txt",
      "url": "http://res.tlauncher.org/unb/libraries/cache/net/neoforged/neoform/1.21.1-20240808.144430/neoform-1.21.1-20240808.144430-mappings.txt"
    },
    {
      "sha1": "811e2bd86fa2cda2812e5e8e51d718ea8bd6d3f4",
      "size": 1683830,
      "path": "libraries/net/neoforged/neoform/1.21.1-20240808.144430/neoform-1.21.1-20240808.144430.zip",
      "url": "http://res.tlauncher.org/unb/libraries/cache/net/neoforged/neoform/1.21.1-20240808.144430/neoform-1.21.1-20240808.144430.zip"
    },
    {
      "sha1": "52fe1949be64e3303aabaaa21e315f551db9c9f4",
      "size": 2550,
      "path": "libraries/net/neoforged/mergetool/2.0.0/mergetool-2.0.0-api.jar",
      "url": "http://res.tlauncher.org/unb/libraries/cache/net/neoforged/mergetool/2.0.0/mergetool-2.0.0-api.jar"
    },
    {
      "sha1": "d9890c71b4366f886c2b1006782043a6a6816eb6",
      "size": 746919,
      "path": "libraries/net/neoforged/AutoRenamingTool/2.0.3/AutoRenamingTool-2.0.3-all.jar",
      "url": "http://res.tlauncher.org/unb/libraries/cache/net/neoforged/AutoRenamingTool/2.0.3/AutoRenamingTool-2.0.3-all.jar"
    },
    {
      "sha1": "fb3cc7a58af22ad2880adb98af6d518128c47dae",
      "size": 17168,
      "path": "libraries/net/neoforged/JarJarSelector/0.4.1/JarJarSelector-0.4.1.jar",
      "url": "http://res.tlauncher.org/unb/libraries/cache/net/neoforged/JarJarSelector/0.4.1/JarJarSelector-0.4.1.jar"
    },
    {
      "sha1": "163c9ef7c4bcca6d850c34e95261b606af91fe06",
      "size": 29341,
      "path": "libraries/net/neoforged/bus/8.0.2/bus-8.0.2.jar",
      "url": "http://res.tlauncher.org/unb/libraries/cache/net/neoforged/bus/8.0.2/bus-8.0.2.jar"
    },
    {
      "sha1": "3721e43a7254e2861a63ab4a4ce716e4150d2640",
      "size": 504648,
      "path": "libraries/net/neoforged/fancymodloader/loader/4.0.39/loader-4.0.39.jar",
      "url": "http://res.tlauncher.org/unb/libraries/cache/net/neoforged/fancymodloader/loader/4.0.39/loader-4.0.39.jar"
    },
    {
      "sha1": "4388fd457faa6f04f8858d92ead5f33a354693a0",
      "size": 261720,
      "path": "libraries/net/neoforged/fancymodloader/earlydisplay/4.0.39/earlydisplay-4.0.39.jar",
      "url": "http://res.tlauncher.org/unb/libraries/cache/net/neoforged/fancymodloader/earlydisplay/4.0.39/earlydisplay-4.0.39.jar"
    },
    {
      "sha1": "f8da03683dc81694556dc3e177c5e3bb77ae6fcb",
      "size": 15648,
      "path": "libraries/net/neoforged/JarJarMetadata/0.4.1/JarJarMetadata-0.4.1.jar",
      "url": "http://res.tlauncher.org/unb/libraries/cache/net/neoforged/JarJarMetadata/0.4.1/JarJarMetadata-0.4.1.jar"
    },
    {
      "sha1": "78f59f89defcd032ed788b151ca6a0d40ace796a",
      "size": 31807,
      "path": "libraries/net/neoforged/JarJarFileSystems/0.4.1/JarJarFileSystems-0.4.1.jar",
      "url": "http://res.tlauncher.org/unb/libraries/cache/net/neoforged/JarJarFileSystems/0.4.1/JarJarFileSystems-0.4.1.jar"
    },
    {
      "sha1": "09147e6f638b4272b3bd5fc8f92ad37802512c6c",
      "size": 22659,
      "path": "libraries/net/neoforged/coremods/7.0.3/coremods-7.0.3.jar",
      "url": "http://res.tlauncher.org/unb/libraries/cache/net/neoforged/coremods/7.0.3/coremods-7.0.3.jar"
    },
    {
      "sha1": "b9fe6cdab494983217cbc14cc6f92c8e6c616526",
      "size": 71421,
      "path": "libraries/net/neoforged/srgutils/1.0.0/srgutils-1.0.0.jar",
      "url": "http://res.tlauncher.org/unb/libraries/cache/net/neoforged/srgutils/1.0.0/srgutils-1.0.0.jar"
    }
  ],
  "tlauncherVersion": 0,
  "modpack": {
    "modpackMemory": false,
    "memory": 0,
    "id": -448899055764300,
    "name": "AHAHAHA2Weeks",
    "favorite": false,
    "version": {
      "mods": [
        {
          "stateGameElement": "active",
          "id": 32274,
          "name": "JourneyMap",
          "author": "techbrew",
          "linkProject": "https://www.curseforge.com/minecraft/mc-mods/journeymap",
          "favorite": false,
          "categories": [
            {
              "id": 6,
              "name": "map_information",
              "shortName": "maps",
              "nesting": 0
            }
          ],
          "picture": 787401,
          "pictures": [],
          "lanName": "journeymap",
          "version": {
            "id": 6662156,
            "name": "journeymap-neoforge-1.21.1-6.0.0-beta.50",
            "updateDate": 1750182125000,
            "gameVersionsDTO": [
              {
                "id": 53,
                "name": "1.21.1"
              }
            ],
            "metadata": {
              "sha1": "616b8464a65b3f4bbfaa22735e37913a7af6252b",
              "size": 3498174,
              "path": "mods/journeymap-neoforge-1.21.1-6.0.0-beta.50.jar",
              "url": "/mods/32274/6662156/journeymap-neoforge-1.21.1-6.0.0-beta.50.jar"
            },
            "installed": 0,
            "available": false,
            "minecraftVersionTypes": [
              {
                "id": 5,
                "name": "neoForge"
              }
            ]
          },
          "downloadMonth": 40310,
          "userInstall": false,
          "populateStatus": false,
          "dependencies": [
            {
              "gameType": "mod",
              "id": 5027,
              "name": "JourneyMap Tools",
              "gameEntityId": 226005,
              "dependencyType": "tools"
            }
          ],
          "lastGameVersion": {
            "id": 61,
            "name": "1.21.6"
          },
          "updated": 1749502800000,
          "update": 1749502800000,
          "downloadALL": 43923914,
          "available": true,
          "parser": true,
          "totalComments": 0,
          "adult": false
        },
        {
          "stateGameElement": "active",
          "id": 238222,
          "name": "Just Enough Items (JEI)",
          "author": "mezz",
          "linkProject": "https://www.curseforge.com/minecraft/mc-mods/jei",
          "favorite": false,
          "categories": [
            {
              "id": 6,
              "name": "map_information",
              "shortName": "maps",
              "nesting": 0
            },
            {
              "id": 7,
              "name": "library_api",
              "shortName": "api",
              "nesting": 0
            }
          ],
          "picture": 821131,
          "pictures": [
            24074,
            24089,
            24069,
            24081
          ],
          "lanName": "jei",
          "version": {
            "id": 6614392,
            "name": "jei-1.21.1-neoforge-19.21.2.313",
            "updateDate": 1749053023000,
            "type": "beta",
            "gameVersionsDTO": [
              {
                "id": 53,
                "name": "1.21.1"
              },
              {
                "id": 52,
                "name": "1.21"
              }
            ],
            "metadata": {
              "sha1": "9cb0c39f82e5f0253c7c614a3626bfc648f60069",
              "size": 1450209,
              "path": "mods/jei-1.21.1-neoforge-19.21.2.313.jar",
              "url": "/mods/238222/6614392/jei-1.21.1-neoforge-19.21.2.313.jar"
            },
            "installed": 9124,
            "available": false,
            "minecraftVersionTypes": [
              {
                "id": 5,
                "name": "neoForge"
              }
            ]
          },
          "downloadMonth": 74909,
          "userInstall": false,
          "populateStatus": false,
          "dependencies": [],
          "lastGameVersion": {
            "id": 59,
            "name": "1.21.5"
          },
          "updated": 1748744901000,
          "update": 1748744901000,
          "downloadALL": 73969817,
          "available": true,
          "parser": true,
          "totalComments": 0,
          "adult": false
        },
        {
          "stateGameElement": "active",
          "id": 349559,
          "name": "FallingTree",
          "author": "raksrinana",
          "linkProject": "https://www.curseforge.com/minecraft/mc-mods/falling-tree",
          "favorite": false,
          "categories": [
            {
              "id": 22,
              "name": "mc_miscellaneous",
              "shortName": "mixed",
              "nesting": 0
            },
            {
              "id": 23,
              "name": "world_ores_resources",
              "shortName": "ores",
              "nesting": 0
            },
            {
              "id": 10,
              "name": "technology_farming",
              "shortName": "farming",
              "nesting": 0
            }
          ],
          "picture": 787411,
          "pictures": [],
          "lanName": "falling-tree",
          "version": {
            "id": 6658600,
            "name": "1.21.1-1.21.1.9",
            "updateDate": 1750097359000,
            "type": "release",
            "gameVersionsDTO": [
              {
                "id": 53,
                "name": "1.21.1"
              }
            ],
            "metadata": {
              "sha1": "4dc71fc18f3cd74aa4da53f8e197585f790504de",
              "size": 480841,
              "path": "mods/FallingTree-1.21.1-1.21.1.9.jar",
              "url": "/mods/349559/6658600/FallingTree-1.21.1-1.21.1.9.jar"
            },
            "installed": 2944,
            "available": false,
            "minecraftVersionTypes": [
              {
                "id": 5,
                "name": "neoForge"
              },
              {
                "id": 2,
                "name": "fabric"
              },
              {
                "id": 1,
                "name": "forge"
              }
            ]
          },
          "downloadMonth": 20469,
          "userInstall": false,
          "populateStatus": false,
          "dependencies": [
            {
              "gameType": "mod",
              "id": 1295,
              "name": "Fabric API",
              "gameEntityId": 306612,
              "dependencyType": "optional"
            },
            {
              "gameType": "mod",
              "id": 1009,
              "name": "Cloth Config API (FabricForgeNeoForge)",
              "gameEntityId": 348521,
              "dependencyType": "optional"
            },
            {
              "gameType": "mod",
              "id": 204,
              "name": "Mod Menu",
              "gameEntityId": 308702,
              "dependencyType": "optional"
            }
          ],
          "lastGameVersion": {
            "id": 61,
            "name": "1.21.6"
          },
          "updated": 1750194000000,
          "update": 1750194000000,
          "downloadALL": 26503583,
          "available": true,
          "parser": true,
          "totalComments": 0,
          "adult": false
        },
        {
          "stateGameElement": "active",
          "id": 248787,
          "name": "AppleSkin",
          "author": "squeek502",
          "uuid": "dfb0b67e-cae4-11ec-b2ce-f02f74958c02",
          "linkProject": "https://www.curseforge.com/minecraft/mc-mods/appleskin",
          "favorite": false,
          "categories": [
            {
              "id": 6,
              "name": "map_information",
              "shortName": "maps",
              "nesting": 0
            },
            {
              "id": 24,
              "name": "mc_food",
              "shortName": "food",
              "nesting": 0
            }
          ],
          "picture": 821134,
          "pictures": [],
          "lanName": "appleskin",
          "version": {
            "id": 6616291,
            "name": "appleskin-neoforge-mc1.21-3.0.7",
            "updateDate": 1749098624000,
            "type": "release",
            "gameVersionsDTO": [
              {
                "id": 54,
                "name": "1.21.2"
              },
              {
                "id": 53,
                "name": "1.21.1"
              },
              {
                "id": 52,
                "name": "1.21"
              }
            ],
            "metadata": {
              "sha1": "8f76d97a7f61f8d61db6d84a83baf29a3bb56330",
              "size": 74100,
              "path": "mods/appleskin-neoforge-mc1.21-3.0.7.jar",
              "url": "/mods/248787/6616291/appleskin-neoforge-mc1.21-3.0.7.jar"
            },
            "installed": 2596,
            "available": false,
            "minecraftVersionTypes": [
              {
                "id": 5,
                "name": "neoForge"
              }
            ]
          },
          "downloadMonth": 7231,
          "userInstall": false,
          "populateStatus": false,
          "dependencies": [],
          "lastGameVersion": {
            "id": 59,
            "name": "1.21.5"
          },
          "updated": 1730408400000,
          "update": 1730408400000,
          "downloadALL": 12802103,
          "available": true,
          "parser": true,
          "totalComments": 0,
          "adult": false
        },
        {
          "stateGameElement": "active",
          "id": 618298,
          "name": "Sophisticated Core",
          "author": "p3pp3rf1y",
          "linkProject": "https://www.curseforge.com/minecraft/mc-mods/sophisticated-core",
          "favorite": false,
          "categories": [
            {
              "id": 7,
              "name": "library_api",
              "shortName": "api",
              "nesting": 0
            }
          ],
          "picture": 821151,
          "pictures": [],
          "lanName": "sophisticated-core",
          "version": {
            "id": 6596310,
            "name": "sophisticatedcore-1.21.1-1.3.50.1004",
            "updateDate": 1748542155000,
            "type": "release",
            "gameVersionsDTO": [
              {
                "id": 53,
                "name": "1.21.1"
              }
            ],
            "metadata": {
              "sha1": "ca8914174c1ed7a534217144f3b339fd97ca3077",
              "size": 1371648,
              "path": "mods/sophisticatedcore-1.21.1-1.3.50.1004.jar",
              "url": "/mods/618298/6596310/sophisticatedcore-1.21.1-1.3.50.1004.jar"
            },
            "installed": 3466,
            "available": false,
            "minecraftVersionTypes": [
              {
                "id": 5,
                "name": "neoForge"
              }
            ]
          },
          "downloadMonth": 0,
          "userInstall": false,
          "populateStatus": false,
          "dependencies": [],
          "lastGameVersion": {
            "id": 57,
            "name": "1.21.4"
          },
          "updated": 1747515600000,
          "update": 1747515600000,
          "downloadALL": 2349897,
          "available": true,
          "parser": true,
          "totalComments": 0,
          "adult": false
        },
        {
          "stateGameElement": "active",
          "id": 422301,
          "name": "Sophisticated Backpacks",
          "author": "p3pp3rf1y",
          "linkProject": "https://www.curseforge.com/minecraft/mc-mods/sophisticated-backpacks",
          "favorite": false,
          "categories": [
            {
              "id": 83,
              "name": "storage",
              "shortName": "storage",
              "nesting": 0
            },
            {
              "id": 4,
              "name": "armor_weapons_tools",
              "shortName": "military",
              "nesting": 0
            }
          ],
          "picture": 821142,
          "pictures": [
            1109864,
            236988,
            197502,
            193623,
            197508,
            223954,
            223955,
            223957,
            197509,
            193027,
            193624,
            236987,
            193622,
            197503,
            197499,
            197507,
            223951,
            223952,
            223953,
            197501,
            193028,
            197505,
            197506,
            236986,
            223947,
            197500,
            193031,
            193030,
            223949,
            223956,
            223950,
            193032,
            197504,
            223948,
            193029,
            271675
          ],
          "lanName": "sophisticated-backpacks",
          "version": {
            "id": 6586226,
            "name": "sophisticatedbackpacks-1.21.1-3.24.15.1250",
            "updateDate": 1748417147000,
            "type": "release",
            "gameVersionsDTO": [
              {
                "id": 53,
                "name": "1.21.1"
              }
            ],
            "metadata": {
              "sha1": "24a6a481123a1e6ded5c78d0310a08ef6fef46da",
              "size": 926869,
              "path": "mods/sophisticatedbackpacks-1.21.1-3.24.15.1250.jar",
              "url": "/mods/422301/6586226/sophisticatedbackpacks-1.21.1-3.24.15.1250.jar"
            },
            "installed": 6542,
            "available": false,
            "minecraftVersionTypes": [
              {
                "id": 5,
                "name": "neoForge"
              }
            ]
          },
          "downloadMonth": 392,
          "userInstall": false,
          "populateStatus": false,
          "dependencies": [
            {
              "gameType": "mod",
              "id": 5542,
              "name": "Item Borders [NeoForge]",
              "gameEntityId": 513769,
              "dependencyType": "optional"
            },
            {
              "gameType": "mod",
              "id": 4,
              "name": "Just Enough Items (JEI)",
              "gameEntityId": 238222,
              "dependencyType": "optional"
            },
            {
              "gameType": "mod",
              "id": 2365,
              "name": "Sophisticated Core",
              "gameEntityId": 618298,
              "dependencyType": "required"
            },
            {
              "gameType": "mod",
              "id": 4917,
              "name": "Chipped",
              "gameEntityId": 456956,
              "dependencyType": "optional"
            },
            {
              "gameType": "mod",
              "id": 13101,
              "name": "TrashSlot",
              "gameEntityId": 235577,
              "dependencyType": "optional"
            },
            {
              "gameType": "mod",
              "id": 472,
              "name": "Curios API (ForgeNeoForge)",
              "gameEntityId": 309927,
              "dependencyType": "optional"
            },
            {
              "gameType": "mod",
              "id": 1168,
              "name": "Crafting Tweaks",
              "gameEntityId": 233071,
              "dependencyType": "optional"
            }
          ],
          "lastGameVersion": {
            "id": 57,
            "name": "1.21.4"
          },
          "updated": 1747429200000,
          "update": 1747429200000,
          "downloadALL": 5360687,
          "available": true,
          "parser": true,
          "totalComments": 0,
          "adult": false
        },
        {
          "stateGameElement": "active",
          "id": 238551,
          "name": "GraveStone Mod",
          "author": "EuhDawson Bommelmuetze24 Junanas",
          "linkProject": "https://www.curseforge.com/minecraft/mc-mods/gravestone-mod",
          "favorite": false,
          "categories": [
            {
              "id": 22,
              "name": "mc_miscellaneous",
              "shortName": "mixed",
              "nesting": 0
            }
          ],
          "picture": 844180,
          "pictures": [],
          "lanName": "gravestone-mod",
          "version": {
            "id": 5794085,
            "name": "gravestone-neoforge-1.21.1-1.0.24",
            "updateDate": 1728379719000,
            "type": "release",
            "gameVersionsDTO": [
              {
                "id": 53,
                "name": "1.21.1"
              },
              {
                "id": 52,
                "name": "1.21"
              }
            ],
            "metadata": {
              "sha1": "1b4ef0dda54f0f3df45dabd49e61c81a46b01eb0",
              "size": 317431,
              "path": "mods/gravestone-neoforge-1.21.1-1.0.24.jar",
              "url": "/mods/238551/5794085/gravestone-neoforge-1.21.1-1.0.24.jar"
            },
            "installed": 22846,
            "available": false,
            "minecraftVersionTypes": [
              {
                "id": 5,
                "name": "neoForge"
              }
            ]
          },
          "downloadMonth": 28702,
          "userInstall": false,
          "populateStatus": false,
          "dependencies": [
            {
              "gameType": "mod",
              "id": 859,
              "name": "Jade 🔍",
              "gameEntityId": 324717,
              "dependencyType": "optional"
            }
          ],
          "lastGameVersion": {
            "id": 61,
            "name": "1.21.6"
          },
          "updated": 1750107600000,
          "update": 1750107600000,
          "downloadALL": 21592859,
          "available": true,
          "parser": true,
          "totalComments": 0,
          "adult": false
        },
        {
          "stateGameElement": "active",
          "id": 398521,
          "name": "Farmer's Delight",
          "author": "vectorwing",
          "linkProject": "https://www.curseforge.com/minecraft/mc-mods/farmers-delight",
          "favorite": false,
          "categories": [
            {
              "id": 3,
              "name": "cosmetic",
              "shortName": "cosmetic",
              "nesting": 0
            },
            {
              "id": 24,
              "name": "mc_food",
              "shortName": "food",
              "nesting": 0
            },
            {
              "id": 10,
              "name": "technology_farming",
              "shortName": "farming",
              "nesting": 0
            }
          ],
          "picture": 821137,
          "pictures": [
            315671,
            315668,
            315670,
            315672,
            315669,
            315667
          ],
          "lanName": "farmers-delight",
          "version": {
            "id": 6597295,
            "name": "FarmersDelight-1.21.1-1.2.8",
            "updateDate": 1748569458000,
            "type": "release",
            "gameVersionsDTO": [
              {
                "id": 53,
                "name": "1.21.1"
              }
            ],
            "metadata": {
              "sha1": "b5660fc7c6096b8d9746f47de789e54b5c91b326",
              "size": 2949275,
              "path": "mods/FarmersDelight-1.21.1-1.2.8.jar",
              "url": "/mods/398521/6597295/FarmersDelight-1.21.1-1.2.8.jar"
            },
            "installed": 1744,
            "available": false,
            "minecraftVersionTypes": [
              {
                "id": 5,
                "name": "neoForge"
              }
            ]
          },
          "downloadMonth": 1492,
          "userInstall": false,
          "populateStatus": false,
          "dependencies": [],
          "lastGameVersion": {
            "id": 53,
            "name": "1.21.1"
          },
          "updated": 1738530000000,
          "update": 1738530000000,
          "downloadALL": 4906549,
          "available": true,
          "parser": true,
          "totalComments": 0,
          "adult": false
        },
        {
          "stateGameElement": "active",
          "id": 335493,
          "name": "Dynamic FPS",
          "author": "juliand665",
          "linkProject": "https://www.curseforge.com/minecraft/mc-mods/dynamic-fps",
          "favorite": false,
          "categories": [
            {
              "id": 22,
              "name": "mc_miscellaneous",
              "shortName": "mixed",
              "nesting": 0
            }
          ],
          "picture": 800342,
          "pictures": [
            721982,
            721980,
            721981,
            1032688
          ],
          "lanName": "dynamic-fps",
          "version": {
            "id": 6662069,
            "name": "dynamic-fps-3.9.5+minecraft-1.21.0-neoforge",
            "updateDate": 1750181088000,
            "type": "release",
            "gameVersionsDTO": [
              {
                "id": 53,
                "name": "1.21.1"
              },
              {
                "id": 52,
                "name": "1.21"
              }
            ],
            "metadata": {
              "sha1": "270170fe01aa7fa45d0755cddb5a609bc857c10c",
              "size": 192872,
              "path": "mods/dynamic-fps-3.9.5+minecraft-1.21.0-neoforge.jar",
              "url": "/mods/335493/6662069/dynamic-fps-3.9.5+minecraft-1.21.0-neoforge.jar"
            },
            "installed": 3,
            "available": false,
            "minecraftVersionTypes": [
              {
                "id": 5,
                "name": "neoForge"
              }
            ]
          },
          "downloadMonth": 532,
          "userInstall": false,
          "populateStatus": false,
          "dependencies": [
            {
              "gameType": "mod",
              "id": 1009,
              "name": "Cloth Config API (FabricForgeNeoForge)",
              "gameEntityId": 348521,
              "dependencyType": "optional"
            },
            {
              "gameType": "mod",
              "id": 1865,
              "name": "Quilted Fabric API (QFAPI)  Quilt Standard Libraries (QSL)",
              "gameEntityId": 634179,
              "dependencyType": "required"
            },
            {
              "gameType": "mod",
              "id": 204,
              "name": "Mod Menu",
              "gameEntityId": 308702,
              "dependencyType": "optional"
            }
          ],
          "lastGameVersion": {
            "id": 61,
            "name": "1.21.6"
          },
          "updated": 1750107600000,
          "update": 1750107600000,
          "downloadALL": 1343507,
          "available": true,
          "parser": true,
          "totalComments": 0,
          "adult": false
        },
        {
          "stateGameElement": "active",
          "id": 513688,
          "name": "Terralith",
          "author": "starmute",
          "linkProject": "https://www.curseforge.com/minecraft/mc-mods/terralith",
          "favorite": false,
          "categories": [
            {
              "id": 27,
              "name": "world_structures",
              "shortName": "structures",
              "nesting": 0
            },
            {
              "id": 14,
              "name": "world_biomes",
              "shortName": "biomes",
              "nesting": 0
            },
            {
              "id": 29,
              "name": "world_gen",
              "shortName": "world",
              "nesting": 0
            }
          ],
          "picture": 821204,
          "pictures": [],
          "lanName": "terralith",
          "version": {
            "id": 6090387,
            "name": "_1.21.x_v2.5.8",
            "updateDate": 1736959525000,
            "type": "release",
            "gameVersionsDTO": [
              {
                "id": 57,
                "name": "1.21.4"
              },
              {
                "id": 55,
                "name": "1.21.3"
              },
              {
                "id": 54,
                "name": "1.21.2"
              },
              {
                "id": 53,
                "name": "1.21.1"
              },
              {
                "id": 52,
                "name": "1.21"
              }
            ],
            "metadata": {
              "sha1": "bee0cfb1a8cd4bf3d96bccea224fb45d74de9085",
              "size": 3115385,
              "path": "mods/Terralith_1.21.x_v2.5.8.jar",
              "url": "/mods/513688/6090387/Terralith_1.21.x_v2.5.8.jar"
            },
            "installed": 148552,
            "available": false,
            "minecraftVersionTypes": [
              {
                "id": 5,
                "name": "neoForge"
              },
              {
                "id": 2,
                "name": "fabric"
              },
              {
                "id": 1,
                "name": "forge"
              },
              {
                "id": 4,
                "name": "quilt"
              }
            ]
          },
          "downloadMonth": 0,
          "userInstall": false,
          "populateStatus": false,
          "dependencies": [],
          "lastGameVersion": {
            "id": 59,
            "name": "1.21.5"
          },
          "updated": 1743886800000,
          "update": 1743886800000,
          "downloadALL": 1462032,
          "available": true,
          "parser": true,
          "totalComments": 0,
          "adult": false
        },
        {
          "stateGameElement": "active",
          "id": 256717,
          "name": "Clumps",
          "author": "jaredlll08",
          "linkProject": "https://www.curseforge.com/minecraft/mc-mods/clumps",
          "favorite": false,
          "categories": [
            {
              "id": 83,
              "name": "storage",
              "shortName": "storage",
              "nesting": 0
            },
            {
              "id": 15,
              "name": "server_utility",
              "shortName": "plugins",
              "nesting": 0
            }
          ],
          "picture": 787813,
          "pictures": [],
          "lanName": "clumps",
          "version": {
            "id": 5623731,
            "name": "neoforge-1.21.1-19.0.0.1",
            "updateDate": 1723535349000,
            "type": "release",
            "gameVersionsDTO": [
              {
                "id": 53,
                "name": "1.21.1"
              }
            ],
            "metadata": {
              "sha1": "fa2576297c7bd12b28aa7070e8141792bd66da4c",
              "size": 18382,
              "path": "mods/Clumps-neoforge-1.21.1-19.0.0.1.jar",
              "url": "/mods/256717/5623731/Clumps-neoforge-1.21.1-19.0.0.1.jar"
            },
            "installed": 7645,
            "available": false,
            "minecraftVersionTypes": [
              {
                "id": 5,
                "name": "neoForge"
              }
            ]
          },
          "downloadMonth": 1326,
          "userInstall": false,
          "populateStatus": false,
          "dependencies": [],
          "lastGameVersion": {
            "id": 59,
            "name": "1.21.5"
          },
          "updated": 1743282000000,
          "update": 1743282000000,
          "downloadALL": 2836778,
          "available": true,
          "parser": true,
          "totalComments": 0,
          "adult": false
        },
        {
          "stateGameElement": "active",
          "id": 243076,
          "name": "Refined Storage",
          "author": "raoulvdberge theCyanideX Way2muchnoise",
          "linkProject": "https://www.curseforge.com/minecraft/mc-mods/refined-storage",
          "favorite": false,
          "categories": [
            {
              "id": 83,
              "name": "storage",
              "shortName": "storage",
              "nesting": 0
            },
            {
              "id": 5,
              "name": "technology",
              "shortName": "technology",
              "nesting": 0
            },
            {
              "id": 20,
              "name": "technology_item_fluid_energy_transport",
              "shortName": "fluid",
              "nesting": 0
            }
          ],
          "picture": 821194,
          "pictures": [
            496270,
            496268,
            496267,
            496269
          ],
          "lanName": "refined-storage",
          "version": {
            "id": 6391989,
            "name": "refinedstorage-neoforge-2.0.0-beta.2",
            "updateDate": 1743955829000,
            "type": "beta",
            "gameVersionsDTO": [
              {
                "id": 53,
                "name": "1.21.1"
              }
            ],
            "metadata": {
              "sha1": "2c0572ac8a4f431320feec810064f7bf7ce7e39c",
              "size": 4368296,
              "path": "mods/refinedstorage-neoforge-2.0.0-beta.2.jar",
              "url": "/mods/243076/6391989/refinedstorage-neoforge-2.0.0-beta.2.jar"
            },
            "installed": 1956,
            "available": false,
            "minecraftVersionTypes": [
              {
                "id": 5,
                "name": "neoForge"
              }
            ]
          },
          "downloadMonth": 962,
          "userInstall": false,
          "populateStatus": false,
          "dependencies": [],
          "lastGameVersion": {
            "id": 53,
            "name": "1.21.1"
          },
          "updated": 1743886800000,
          "update": 1743886800000,
          "downloadALL": 1039863,
          "available": true,
          "parser": true,
          "totalComments": 0,
          "adult": false
        },
        {
          "stateGameElement": "active",
          "id": 1230497,
          "name": "Refined Storage - JEI Integration",
          "author": "raoulvdberge",
          "linkProject": "https://www.curseforge.com/minecraft/mc-mods/refined-storage-jei-integration",
          "favorite": false,
          "categories": [
            {
              "id": 83,
              "name": "storage",
              "shortName": "storage",
              "nesting": 0
            },
            {
              "id": 26,
              "name": "mc_addons",
              "shortName": "addons",
              "nesting": 0
            }
          ],
          "picture": 1067850,
          "pictures": [],
          "lanName": "refined-storage-jei-integration",
          "version": {
            "id": 6359014,
            "name": "refinedstorage-jei-integration-neoforge-1.0.0",
            "updateDate": 1743162518000,
            "type": "release",
            "gameVersionsDTO": [
              {
                "id": 53,
                "name": "1.21.1"
              }
            ],
            "metadata": {
              "sha1": "c9c7f27cd0a7d33eefd56edfad2a033898af9e3d",
              "size": 58343,
              "path": "mods/refinedstorage-jei-integration-neoforge-1.0.0.jar",
              "url": "/mods/1230497/6359014/refinedstorage-jei-integration-neoforge-1.0.0.jar"
            },
            "installed": 704,
            "available": false,
            "minecraftVersionTypes": [
              {
                "id": 5,
                "name": "neoForge"
              }
            ]
          },
          "downloadMonth": 0,
          "userInstall": false,
          "populateStatus": false,
          "dependencies": [
            {
              "gameType": "mod",
              "id": 53,
              "name": "Just Enough Items (JEI)",
              "gameEntityId": 238222,
              "dependencyType": "required"
            },
            {
              "gameType": "mod",
              "id": 736,
              "name": "Refined Storage",
              "gameEntityId": 243076,
              "dependencyType": "required"
            }
          ],
          "lastGameVersion": {
            "id": 53,
            "name": "1.21.1"
          },
          "updated": 1743109200000,
          "update": 1743109200000,
          "downloadALL": 904,
          "available": true,
          "parser": true,
          "totalComments": 0
        },
        {
          "stateGameElement": "active",
          "id": 455508,
          "name": "Iris Shaders",
          "author": "coderbot",
          "uuid": "425fe2ba-b049-11e9-9fef-002590a1379b",
          "linkProject": "https://www.curseforge.com/minecraft/mc-mods/irisshaders",
          "favorite": false,
          "categories": [
            {
              "id": 22,
              "name": "mc_miscellaneous",
              "shortName": "mixed",
              "nesting": 0
            },
            {
              "id": 3,
              "name": "cosmetic",
              "shortName": "cosmetic",
              "nesting": 0
            }
          ],
          "picture": 821266,
          "pictures": [],
          "lanName": "irisshaders",
          "version": {
            "id": 6661598,
            "name": "iris-neoforge-1.8.12+mc1.21.1",
            "updateDate": 1750175595000,
            "type": "release",
            "gameVersionsDTO": [
              {
                "id": 53,
                "name": "1.21.1"
              }
            ],
            "metadata": {
              "sha1": "a3e6355915c7d3b2bc392724795113e51d289378",
              "size": 2438548,
              "path": "mods/iris-neoforge-1.8.12+mc1.21.1.jar",
              "url": "/mods/455508/6661598/iris-neoforge-1.8.12+mc1.21.1.jar"
            },
            "installed": 0,
            "available": false,
            "minecraftVersionTypes": [
              {
                "id": 5,
                "name": "neoForge"
              }
            ]
          },
          "downloadMonth": 0,
          "userInstall": false,
          "populateStatus": false,
          "dependencies": [
            {
              "gameType": "mod",
              "id": 1847,
              "name": "Sodium",
              "gameEntityId": 394468,
              "dependencyType": "required"
            }
          ],
          "lastGameVersion": {
            "id": 59,
            "name": "1.21.5"
          },
          "updated": 1750107600000,
          "update": 1750107600000,
          "downloadALL": 1513249,
          "available": true,
          "parser": true,
          "totalComments": 0,
          "adult": false
        },
        {
          "stateGameElement": "active",
          "id": 328085,
          "name": "Create",
          "author": "simibubi",
          "linkProject": "https://www.curseforge.com/minecraft/mc-mods/create",
          "favorite": false,
          "categories": [
            {
              "id": 25,
              "name": "redstone",
              "shortName": "redstone",
              "nesting": 0
            },
            {
              "id": 4,
              "name": "armor_weapons_tools",
              "shortName": "military",
              "nesting": 0
            },
            {
              "id": 5,
              "name": "technology",
              "shortName": "technology",
              "nesting": 0
            },
            {
              "id": 3,
              "name": "cosmetic",
              "shortName": "cosmetic",
              "nesting": 0
            }
          ],
          "picture": 894587,
          "pictures": [],
          "lanName": "create",
          "version": {
            "id": 6641610,
            "name": "create-1.21.1-6.0.6",
            "updateDate": 1749677946000,
            "type": "release",
            "gameVersionsDTO": [
              {
                "id": 53,
                "name": "1.21.1"
              }
            ],
            "metadata": {
              "sha1": "07453cffbd20bdc5acc8ea7afb472bf55538958b",
              "size": 18599196,
              "path": "mods/create-1.21.1-6.0.6.jar",
              "url": "/mods/328085/6641610/create-1.21.1-6.0.6.jar"
            },
            "installed": 845,
            "available": false,
            "minecraftVersionTypes": [
              {
                "id": 5,
                "name": "neoForge"
              }
            ]
          },
          "downloadMonth": 3216,
          "userInstall": false,
          "populateStatus": false,
          "dependencies": [],
          "lastGameVersion": {
            "id": 53,
            "name": "1.21.1"
          },
          "updated": 1742331600000,
          "update": 1742331600000,
          "downloadALL": 7380795,
          "available": true,
          "parser": true,
          "totalComments": 0,
          "adult": false
        },
        {
          "stateGameElement": "active",
          "id": 60028,
          "name": "Aquaculture 2",
          "author": "Shadowclaimer lclc98 JeanGlassmaker",
          "linkProject": "https://www.curseforge.com/minecraft/mc-mods/aquaculture",
          "favorite": false,
          "categories": [
            {
              "id": 55,
              "name": "adventure_and_rpg",
              "shortName": "roleplay",
              "nesting": 0
            },
            {
              "id": 4,
              "name": "armor_weapons_tools",
              "shortName": "military",
              "nesting": 0
            },
            {
              "id": 13,
              "name": "world_mobs",
              "shortName": "mobs",
              "nesting": 0
            },
            {
              "id": 24,
              "name": "mc_food",
              "shortName": "food",
              "nesting": 0
            }
          ],
          "picture": 821185,
          "pictures": [
            134094,
            134093,
            134092,
            134095
          ],
          "lanName": "aquaculture",
          "version": {
            "id": 6357106,
            "name": "Aquaculture-1.21.1-2.7.14",
            "updateDate": 1743107007000,
            "type": "release",
            "gameVersionsDTO": [
              {
                "id": 53,
                "name": "1.21.1"
              }
            ],
            "metadata": {
              "sha1": "cc65a43df5cd086e7c4e5722b762dd61c6806443",
              "size": 604097,
              "path": "mods/Aquaculture-1.21.1-2.7.14.jar",
              "url": "/mods/60028/6357106/Aquaculture-1.21.1-2.7.14.jar"
            },
            "installed": 3497,
            "available": false,
            "minecraftVersionTypes": [
              {
                "id": 5,
                "name": "neoForge"
              }
            ]
          },
          "downloadMonth": 1934,
          "userInstall": false,
          "populateStatus": false,
          "dependencies": [],
          "lastGameVersion": {
            "id": 59,
            "name": "1.21.5"
          },
          "updated": 1743886800000,
          "update": 1743886800000,
          "downloadALL": 2926628,
          "available": true,
          "parser": true,
          "totalComments": 0,
          "adult": false
        },
        {
          "stateGameElement": "active",
          "id": 961988,
          "name": "Aquaculture Delight (A Farmer's Delight Add-on)",
          "author": "nocubeyt",
          "linkProject": "https://www.curseforge.com/minecraft/mc-mods/aquaculture-delight",
          "favorite": false,
          "categories": [
            {
              "id": 4,
              "name": "armor_weapons_tools",
              "shortName": "military",
              "nesting": 0
            },
            {
              "id": 26,
              "name": "mc_addons",
              "shortName": "addons",
              "nesting": 0
            },
            {
              "id": 24,
              "name": "mc_food",
              "shortName": "food",
              "nesting": 0
            }
          ],
          "picture": 1024520,
          "pictures": [
            802931,
            1024602,
            802929,
            802930,
            802933,
            802932
          ],
          "lanName": "aquaculture-delight",
          "version": {
            "id": 6179576,
            "name": "aquaculturedelight-1.2.0-neoforge-1.21.1",
            "updateDate": 1739220981000,
            "type": "release",
            "gameVersionsDTO": [
              {
                "id": 53,
                "name": "1.21.1"
              }
            ],
            "metadata": {
              "sha1": "111393c07a98f29cab1de0d91965cc1bc6d9d73f",
              "size": 213607,
              "path": "mods/aquaculturedelight-1.2.0-neoforge-1.21.1.jar",
              "url": "/mods/961988/6179576/aquaculturedelight-1.2.0-neoforge-1.21.1.jar"
            },
            "installed": 4193,
            "available": false,
            "minecraftVersionTypes": [
              {
                "id": 5,
                "name": "neoForge"
              }
            ]
          },
          "downloadMonth": 0,
          "userInstall": false,
          "populateStatus": false,
          "dependencies": [
            {
              "gameType": "mod",
              "id": 793,
              "name": "Aquaculture 2",
              "gameEntityId": 60028,
              "dependencyType": "required"
            },
            {
              "gameType": "mod",
              "id": 1417,
              "name": "Farmer's Delight",
              "gameEntityId": 398521,
              "dependencyType": "required"
            }
          ],
          "lastGameVersion": {
            "id": 53,
            "name": "1.21.1"
          },
          "updated": 1740949200000,
          "update": 1740949200000,
          "downloadALL": 169265,
          "available": true,
          "parser": true,
          "totalComments": 0
        },
        {
          "stateGameElement": "active",
          "id": 508933,
          "name": "Distant Horizons A Level of Detail mod",
          "author": "james_seibel",
          "linkProject": "https://www.curseforge.com/minecraft/mc-mods/distant-horizons",
          "favorite": false,
          "categories": [],
          "picture": 1075291,
          "pictures": [
            248930,
            336907,
            336911,
            270640,
            248928,
            588629,
            270639,
            248925,
            336909,
            389409,
            802877,
            802878,
            336910,
            270644,
            389408,
            802876,
            270643,
            336908
          ],
          "lanName": "distant-horizons",
          "version": {
            "id": 6387706,
            "name": "DistantHorizons-neoforge-fabric-2.3.2-b-1.21.1",
            "updateDate": 1743864738000,
            "gameVersionsDTO": [
              {
                "id": 53,
                "name": "1.21.1"
              }
            ],
            "metadata": {
              "sha1": "4e68bdfaabe21b6c8841497fea48233be5ce3b39",
              "size": 17943813,
              "path": "mods/DistantHorizons-neoforge-fabric-2.3.2-b-1.21.1.jar",
              "url": "/mods/508933/6387706/DistantHorizons-neoforge-fabric-2.3.2-b-1.21.1.jar"
            },
            "installed": 9219,
            "available": false,
            "minecraftVersionTypes": [
              {
                "id": 5,
                "name": "neoForge"
              },
              {
                "id": 2,
                "name": "fabric"
              }
            ]
          },
          "downloadMonth": 0,
          "userInstall": false,
          "populateStatus": false,
          "dependencies": [],
          "lastGameVersion": {
            "id": 59,
            "name": "1.21.5"
          },
          "updated": 1740776400000,
          "update": 1740776400000,
          "downloadALL": 788139,
          "available": true,
          "parser": true,
          "totalComments": 0,
          "adult": false
        },
        {
          "stateGameElement": "active",
          "id": 485681,
          "name": "Chunky (ForgeNeoForge)",
          "author": "pop4959",
          "linkProject": "https://www.curseforge.com/minecraft/mc-mods/chunky-pregenerator-forge",
          "favorite": false,
          "categories": [
            {
              "id": 17,
              "name": "world_dimensions",
              "shortName": "dimensions",
              "nesting": 0
            },
            {
              "id": 15,
              "name": "server_utility",
              "shortName": "plugins",
              "nesting": 0
            },
            {
              "id": 29,
              "name": "world_gen",
              "shortName": "world",
              "nesting": 0
            }
          ],
          "picture": 844326,
          "pictures": [],
          "lanName": "chunky-pregenerator-forge",
          "version": {
            "id": 6383261,
            "name": "Chunky-NeoForge-1.4.23",
            "updateDate": 1743749520000,
            "type": "release",
            "gameVersionsDTO": [
              {
                "id": 53,
                "name": "1.21.1"
              },
              {
                "id": 52,
                "name": "1.21"
              }
            ],
            "metadata": {
              "sha1": "ab0c74743a653020fe2dfc4986b43e893947f3e9",
              "size": 340572,
              "path": "mods/Chunky-NeoForge-1.4.23.jar",
              "url": "/mods/485681/6383261/Chunky-NeoForge-1.4.23.jar"
            },
            "installed": 856,
            "available": false,
            "minecraftVersionTypes": [
              {
                "id": 5,
                "name": "neoForge"
              }
            ]
          },
          "downloadMonth": 0,
          "userInstall": false,
          "populateStatus": false,
          "dependencies": [],
          "lastGameVersion": {
            "id": 59,
            "name": "1.21.5"
          },
          "updated": 1743714000000,
          "update": 1743714000000,
          "downloadALL": 86167,
          "available": true,
          "parser": true,
          "totalComments": 0,
          "adult": false
        },
        {
          "stateGameElement": "active",
          "id": 447673,
          "name": "Sodium Extra",
          "author": "flashyreese",
          "linkProject": "https://www.curseforge.com/minecraft/mc-mods/sodium-extra",
          "favorite": false,
          "categories": [
            {
              "id": 22,
              "name": "mc_miscellaneous",
              "shortName": "mixed",
              "nesting": 0
            }
          ],
          "picture": 821310,
          "pictures": [],
          "lanName": "sodium-extra",
          "version": {
            "id": 5913377,
            "name": "sodium-extra-neoforge-0.6.0+mc1.21.1",
            "updateDate": 1731849443000,
            "type": "release",
            "gameVersionsDTO": [
              {
                "id": 53,
                "name": "1.21.1"
              }
            ],
            "metadata": {
              "sha1": "7473bb42753902c639294821af13e9cd9ee735da",
              "size": 367047,
              "path": "mods/sodium-extra-neoforge-0.6.0+mc1.21.1.jar",
              "url": "/mods/447673/5913377/sodium-extra-neoforge-0.6.0+mc1.21.1.jar"
            },
            "installed": 13117,
            "available": false,
            "minecraftVersionTypes": [
              {
                "id": 5,
                "name": "neoForge"
              }
            ]
          },
          "downloadMonth": 155,
          "userInstall": false,
          "populateStatus": false,
          "dependencies": [
            {
              "gameType": "mod",
              "id": 1847,
              "name": "Sodium",
              "gameEntityId": 394468,
              "dependencyType": "required"
            },
            {
              "gameType": "mod",
              "id": 2846,
              "name": "Iris Shaders",
              "gameEntityId": 455508,
              "dependencyType": "optional"
            },
            {
              "gameType": "mod",
              "id": 4835,
              "name": "Reese's Sodium Options",
              "gameEntityId": 511319,
              "dependencyType": "optional"
            }
          ],
          "lastGameVersion": {
            "id": 59,
            "name": "1.21.5"
          },
          "updated": 1743195600000,
          "update": 1743195600000,
          "downloadALL": 1062553,
          "available": true,
          "parser": true,
          "totalComments": 0,
          "adult": false
        },
        {
          "stateGameElement": "active",
          "id": 511319,
          "name": "Reese's Sodium Options",
          "author": "flashyreese",
          "linkProject": "https://www.curseforge.com/minecraft/mc-mods/reeses-sodium-options",
          "favorite": false,
          "categories": [
            {
              "id": 22,
              "name": "mc_miscellaneous",
              "shortName": "mixed",
              "nesting": 0
            }
          ],
          "picture": 821329,
          "pictures": [],
          "lanName": "reeses-sodium-options",
          "version": {
            "id": 6091021,
            "name": "reeses-sodium-options-neoforge-1.8.3+mc1.21.4",
            "updateDate": 1736973353000,
            "type": "release",
            "gameVersionsDTO": [
              {
                "id": 59,
                "name": "1.21.5"
              },
              {
                "id": 57,
                "name": "1.21.4"
              },
              {
                "id": 55,
                "name": "1.21.3"
              },
              {
                "id": 54,
                "name": "1.21.2"
              },
              {
                "id": 53,
                "name": "1.21.1"
              },
              {
                "id": 52,
                "name": "1.21"
              }
            ],
            "metadata": {
              "sha1": "b03d05495be28d8cef7a34872941bb8d703d60e6",
              "size": 78451,
              "path": "mods/reeses-sodium-options-neoforge-1.8.3+mc1.21.4.jar",
              "url": "/mods/511319/6091021/reeses-sodium-options-neoforge-1.8.3+mc1.21.4.jar"
            },
            "installed": 11377,
            "available": false,
            "minecraftVersionTypes": [
              {
                "id": 5,
                "name": "neoForge"
              }
            ]
          },
          "downloadMonth": 0,
          "userInstall": false,
          "populateStatus": false,
          "dependencies": [
            {
              "gameType": "mod",
              "id": 1847,
              "name": "Sodium",
              "gameEntityId": 394468,
              "dependencyType": "required"
            },
            {
              "gameType": "mod",
              "id": 2846,
              "name": "Iris Shaders",
              "gameEntityId": 455508,
              "dependencyType": "optional"
            },
            {
              "gameType": "mod",
              "id": 2845,
              "name": "Sodium Extra",
              "gameEntityId": 447673,
              "dependencyType": "optional"
            }
          ],
          "lastGameVersion": {
            "id": 61,
            "name": "1.21.6"
          },
          "updated": 1736888400000,
          "update": 1736888400000,
          "downloadALL": 520382,
          "available": true,
          "parser": true,
          "totalComments": 0,
          "adult": false
        },
        {
          "stateGameElement": "active",
          "id": 889079,
          "name": "Forgified Fabric API",
          "author": "Su5eD Su5eD",
          "linkProject": "https://www.curseforge.com/minecraft/mc-mods/forgified-fabric-api",
          "favorite": false,
          "categories": [
            {
              "id": 7,
              "name": "library_api",
              "shortName": "api",
              "nesting": 0
            }
          ],
          "picture": 898642,
          "pictures": [],
          "lanName": "forgified-fabric-api",
          "version": {
            "id": 6639840,
            "name": "forgified-fabric-api-0.115.6+2.1.1+1.21.1",
            "updateDate": 1749642786000,
            "type": "release",
            "gameVersionsDTO": [
              {
                "id": 53,
                "name": "1.21.1"
              }
            ],
            "metadata": {
              "sha1": "60581fd85035820ec8d0e3e5b4d817db5021e638",
              "size": 5576278,
              "path": "mods/forgified-fabric-api-0.115.6+2.1.1+1.21.1.jar",
              "url": "/mods/889079/6639840/forgified-fabric-api-0.115.6+2.1.1+1.21.1.jar"
            },
            "installed": 856,
            "available": false,
            "minecraftVersionTypes": [
              {
                "id": 5,
                "name": "neoForge"
              }
            ]
          },
          "downloadMonth": 0,
          "userInstall": false,
          "populateStatus": false,
          "dependencies": [],
          "lastGameVersion": {
            "id": 53,
            "name": "1.21.1"
          },
          "updated": 1743368400000,
          "update": 1743368400000,
          "downloadALL": 149070,
          "available": true,
          "parser": true,
          "totalComments": 0,
          "adult": false
        },
        {
          "stateGameElement": "active",
          "id": 268560,
          "name": "Mekanism",
          "author": "aidancbrady theCyanideX",
          "linkProject": "https://www.curseforge.com/minecraft/mc-mods/mekanism",
          "favorite": false,
          "categories": [
            {
              "id": 83,
              "name": "storage",
              "shortName": "storage",
              "nesting": 0
            },
            {
              "id": 4,
              "name": "armor_weapons_tools",
              "shortName": "military",
              "nesting": 0
            },
            {
              "id": 5,
              "name": "technology",
              "shortName": "technology",
              "nesting": 0
            },
            {
              "id": 30,
              "name": "technology_processing",
              "shortName": "processing",
              "nesting": 0
            },
            {
              "id": 20,
              "name": "technology_item_fluid_energy_transport",
              "shortName": "fluid",
              "nesting": 0
            }
          ],
          "picture": 808849,
          "pictures": [
            28702,
            28704,
            28693,
            28721,
            28709,
            28698,
            28711,
            28716
          ],
          "lanName": "mekanism",
          "version": {
            "id": 6486993,
            "name": "Mekanism-1.21.1-10.7.14.79",
            "updateDate": 1746180625000,
            "gameVersionsDTO": [
              {
                "id": 53,
                "name": "1.21.1"
              }
            ],
            "metadata": {
              "sha1": "dcde0b00a50cb9f9965f6f619700347f4c6a2321",
              "size": 11868610,
              "path": "mods/Mekanism-1.21.1-10.7.14.79.jar",
              "url": "/mods/268560/6486993/Mekanism-1.21.1-10.7.14.79.jar"
            },
            "installed": 3557,
            "available": false,
            "minecraftVersionTypes": [
              {
                "id": 5,
                "name": "neoForge"
              }
            ]
          },
          "downloadMonth": 3932,
          "userInstall": false,
          "populateStatus": false,
          "dependencies": [
            {
              "gameType": "mod",
              "id": 6177,
              "name": "Json Things",
              "gameEntityId": 541617,
              "dependencyType": "optional"
            },
            {
              "gameType": "mod",
              "id": 1180,
              "name": "Recipe Stages",
              "gameEntityId": 280554,
              "dependencyType": "optional"
            },
            {
              "gameType": "mod",
              "id": 5986,
              "name": "Dark Mode Everywhere",
              "gameEntityId": 574123,
              "dependencyType": "optional"
            },
            {
              "gameType": "mod",
              "id": 449,
              "name": "Flux Networks",
              "gameEntityId": 248020,
              "dependencyType": "optional"
            },
            {
              "gameType": "mod",
              "id": 859,
              "name": "Jade 🔍",
              "gameEntityId": 324717,
              "dependencyType": "optional"
            },
            {
              "gameType": "mod",
              "id": 4802,
              "name": "I Like Wood - Oh The Biomes You'll Go Plugin",
              "gameEntityId": 475110,
              "dependencyType": "optional"
            },
            {
              "gameType": "mod",
              "id": 858,
              "name": "I Like Wood - Biomes O' Plenty Plugin",
              "gameEntityId": 437203,
              "dependencyType": "optional"
            },
            {
              "gameType": "mod",
              "id": 6298,
              "name": "OpenComputers II",
              "gameEntityId": 437654,
              "dependencyType": "optional"
            },
            {
              "gameType": "mod",
              "id": 857,
              "name": "I Like Wood",
              "gameEntityId": 324164,
              "dependencyType": "optional"
            },
            {
              "gameType": "mod",
              "id": 38,
              "name": "The One Probe",
              "gameEntityId": 245211,
              "dependencyType": "optional"
            },
            {
              "gameType": "mod",
              "id": 3160,
              "name": "WTHIT Forge Edition",
              "gameEntityId": 455982,
              "dependencyType": "optional"
            },
            {
              "gameType": "mod",
              "id": 95,
              "name": "CraftTweaker",
              "gameEntityId": 239197,
              "dependencyType": "optional"
            },
            {
              "gameType": "mod",
              "id": 472,
              "name": "Curios API (ForgeNeoForge)",
              "gameEntityId": 309927,
              "dependencyType": "optional"
            },
            {
              "gameType": "mod",
              "id": 49,
              "name": "ConnectedTexturesMod",
              "gameEntityId": 267602,
              "dependencyType": "optional"
            },
            {
              "gameType": "mod",
              "id": 856,
              "name": "JEITweaker",
              "gameEntityId": 368718,
              "dependencyType": "optional"
            },
            {
              "gameType": "mod",
              "id": 4803,
              "name": "PerViamInvenire",
              "gameEntityId": 449945,
              "dependencyType": "optional"
            },
            {
              "gameType": "mod",
              "id": 4,
              "name": "Just Enough Items (JEI)",
              "gameEntityId": 238222,
              "dependencyType": "optional"
            },
            {
              "gameType": "mod",
              "id": 29,
              "name": "Biomes O' Plenty",
              "gameEntityId": 220318,
              "dependencyType": "optional"
            },
            {
              "gameType": "mod",
              "id": 855,
              "name": "CC Tweaked",
              "gameEntityId": 282001,
              "dependencyType": "optional"
            },
            {
              "gameType": "mod",
              "id": 35,
              "name": "Applied Energistics 2",
              "gameEntityId": 223794,
              "dependencyType": "optional"
            },
            {
              "gameType": "mod",
              "id": 355,
              "name": "ProjectE",
              "gameEntityId": 226410,
              "dependencyType": "optional"
            },
            {
              "gameType": "mod",
              "id": 854,
              "name": "Oh The Biomes You'll Go",
              "gameEntityId": 247560,
              "dependencyType": "optional"
            },
            {
              "gameType": "mod",
              "id": 1782,
              "name": "Farmer's Delight",
              "gameEntityId": 398521,
              "dependencyType": "optional"
            },
            {
              "gameType": "mod",
              "id": 4804,
              "name": "Wildfire's Female Gender Mod (Forge)",
              "gameEntityId": 481655,
              "dependencyType": "optional"
            }
          ],
          "lastGameVersion": {
            "id": 53,
            "name": "1.21.1"
          },
          "updated": 1747774800000,
          "update": 1747774800000,
          "downloadALL": 4641725,
          "available": true,
          "parser": true,
          "totalComments": 0,
          "adult": false
        },
        {
          "stateGameElement": "active",
          "id": 268566,
          "name": "Mekanism Generators",
          "author": "aidancbrady theCyanideX",
          "linkProject": "https://www.curseforge.com/minecraft/mc-mods/mekanism-generators",
          "favorite": false,
          "categories": [
            {
              "id": 5,
              "name": "technology",
              "shortName": "technology",
              "nesting": 0
            },
            {
              "id": 26,
              "name": "mc_addons",
              "shortName": "addons",
              "nesting": 0
            },
            {
              "id": 12,
              "name": "technology_energy",
              "shortName": "energy",
              "nesting": 0
            }
          ],
          "picture": 808851,
          "pictures": [],
          "lanName": "mekanism-generators",
          "version": {
            "id": 6486996,
            "name": "MekanismGenerators-1.21.1-10.7.14.79",
            "updateDate": 1746180627000,
            "gameVersionsDTO": [
              {
                "id": 53,
                "name": "1.21.1"
              }
            ],
            "metadata": {
              "sha1": "8edbae593270f50ff216f23d94c004d270cfa7f8",
              "size": 1103294,
              "path": "mods/MekanismGenerators-1.21.1-10.7.14.79.jar",
              "url": "/mods/268566/6486996/MekanismGenerators-1.21.1-10.7.14.79.jar"
            },
            "installed": 2494,
            "available": false,
            "minecraftVersionTypes": [
              {
                "id": 5,
                "name": "neoForge"
              }
            ]
          },
          "downloadMonth": 2938,
          "userInstall": false,
          "populateStatus": false,
          "dependencies": [
            {
              "gameType": "mod",
              "id": 141,
              "name": "Mekanism",
              "gameEntityId": 268560,
              "dependencyType": "required"
            }
          ],
          "lastGameVersion": {
            "id": 53,
            "name": "1.21.1"
          },
          "updated": 1747774800000,
          "update": 1747774800000,
          "downloadALL": 3222229,
          "available": true,
          "parser": true,
          "totalComments": 0,
          "adult": false
        },
        {
          "stateGameElement": "active",
          "id": 268567,
          "name": "Mekanism Tools",
          "author": "aidancbrady theCyanideX",
          "linkProject": "https://www.curseforge.com/minecraft/mc-mods/mekanism-tools",
          "favorite": false,
          "categories": [
            {
              "id": 4,
              "name": "armor_weapons_tools",
              "shortName": "military",
              "nesting": 0
            },
            {
              "id": 26,
              "name": "mc_addons",
              "shortName": "addons",
              "nesting": 0
            }
          ],
          "picture": 808857,
          "pictures": [],
          "lanName": "mekanism-tools",
          "version": {
            "id": 6486997,
            "name": "MekanismTools-1.21.1-10.7.14.79",
            "updateDate": 1746180627000,
            "gameVersionsDTO": [
              {
                "id": 53,
                "name": "1.21.1"
              }
            ],
            "metadata": {
              "sha1": "25fd3ad80009cf3f273580df27d0e4904915e9bb",
              "size": 520026,
              "path": "mods/MekanismTools-1.21.1-10.7.14.79.jar",
              "url": "/mods/268567/6486997/MekanismTools-1.21.1-10.7.14.79.jar"
            },
            "installed": 2004,
            "available": false,
            "minecraftVersionTypes": [
              {
                "id": 5,
                "name": "neoForge"
              }
            ]
          },
          "downloadMonth": 2330,
          "userInstall": false,
          "populateStatus": false,
          "dependencies": [
            {
              "gameType": "mod",
              "id": 141,
              "name": "Mekanism",
              "gameEntityId": 268560,
              "dependencyType": "required"
            }
          ],
          "lastGameVersion": {
            "id": 53,
            "name": "1.21.1"
          },
          "updated": 1747774800000,
          "update": 1747774800000,
          "downloadALL": 2439241,
          "available": true,
          "parser": true,
          "totalComments": 0,
          "adult": false
        },
        {
          "stateGameElement": "active",
          "id": 394468,
          "name": "Sodium",
          "author": "jellysquid_",
          "linkProject": "https://www.curseforge.com/minecraft/mc-mods/sodium",
          "favorite": false,
          "categories": [
            {
              "id": 22,
              "name": "mc_miscellaneous",
              "shortName": "mixed",
              "nesting": 0
            }
          ],
          "picture": 809954,
          "pictures": [],
          "lanName": "sodium",
          "version": {
            "id": 6382651,
            "name": "sodium-neoforge-0.6.13+mc1.21.1",
            "updateDate": 1743725629000,
            "type": "release",
            "gameVersionsDTO": [
              {
                "id": 53,
                "name": "1.21.1"
              }
            ],
            "metadata": {
              "sha1": "38af70fa4dc4b2aaac636e92fdba3bedd5a025e1",
              "size": 1162994,
              "path": "mods/sodium-neoforge-0.6.13+mc1.21.1.jar",
              "url": "/mods/394468/6382651/sodium-neoforge-0.6.13+mc1.21.1.jar"
            },
            "installed": 312544,
            "available": false,
            "minecraftVersionTypes": [
              {
                "id": 5,
                "name": "neoForge"
              }
            ]
          },
          "downloadMonth": 889,
          "userInstall": false,
          "populateStatus": false,
          "dependencies": [],
          "lastGameVersion": {
            "id": 61,
            "name": "1.21.6"
          },
          "updated": 1750107600000,
          "update": 1750107600000,
          "downloadALL": 14479540,
          "available": true,
          "parser": true,
          "totalComments": 0,
          "adult": false
        },
        {
          "stateGameElement": "active",
          "id": 354047,
          "name": "Ok Zoomer - It's Zoom!",
          "author": "johnthesecondth",
          "uuid": "7d6a72e4-c34d-11ea-8f8c-b42e996a7d7a",
          "linkProject": "https://www.curseforge.com/minecraft/mc-mods/ok-zoomer",
          "favorite": false,
          "categories": [
            {
              "id": 22,
              "name": "mc_miscellaneous",
              "shortName": "mixed",
              "nesting": 0
            }
          ],
          "picture": 976118,
          "pictures": [
            164766,
            164765
          ],
          "lanName": "ok-zoomer",
          "version": {
            "id": 6404035,
            "name": "ok_zoomer-neo-10.0.0-beta.10",
            "updateDate": 1744223018000,
            "type": "release",
            "gameVersionsDTO": [
              {
                "id": 53,
                "name": "1.21.1"
              },
              {
                "id": 52,
                "name": "1.21"
              }
            ],
            "metadata": {
              "sha1": "265d5d762ed50f5d506c7160f83c22000aa13df4",
              "size": 386675,
              "path": "mods/ok_zoomer-neo-10.0.0-beta.10.jar",
              "url": "/mods/354047/6404035/ok_zoomer-neo-10.0.0-beta.10.jar"
            },
            "installed": 520,
            "available": false,
            "minecraftVersionTypes": [
              {
                "id": 5,
                "name": "neoForge"
              }
            ]
          },
          "downloadMonth": 2,
          "userInstall": false,
          "populateStatus": false,
          "dependencies": [],
          "lastGameVersion": {
            "id": 61,
            "name": "1.21.6"
          },
          "updated": 1750107600000,
          "update": 1750107600000,
          "downloadALL": 55403,
          "available": true,
          "parser": true,
          "totalComments": 0,
          "adult": false
        }
      ],
      "resourcePacks": [],
      "maps": [],
      "shaderpacks": [],
      "gameVersionDTO": {
        "id": 53,
        "name": "1.21.1"
      },
      "minecraftVersionName": {
        "id": 1391,
        "name": "21.1.180"
      },
      "id": -448899055787301,
      "name": "1.0",
      "available": false,
      "minecraftVersionTypes": [
        {
          "id": 5,
          "name": "neoForge"
        }
      ]
    },
    "userInstall": false,
    "populateStatus": false,
    "available": false,
    "parser": false,
    "totalComments": 0
  },
  "source": "local_version_repo",
  "jar": "1.21.1",
  "skinVersion": false
}